entity,n-revs
frontend/src/app/views/proyectos/project/project.component.html,47
backend/routes/api.php,45
frontend/src/app/views/proyectos/project/project.component.ts,42
frontend/src/environments/environment.ts,40
frontend/dist/main.js,27
frontend/dist/main.js.map,27
frontend/src/app/views/usuarios/gestion/gestion.component.html,26
frontend/src/app/views/proyectos/gestion/gestion.component.html,20
frontend/src/app/views/usuarios/gestion/gestion.component.ts,20
frontend/dist/views-cursos-cursos-module.js,20
frontend/dist/views-proyectos-proyectos-module.js,19
frontend/src/app/views/dashboard/dashboad-default/dashboad-default.component.html,18
frontend/src/app/views/cursos/gestion/gestion.component.html,18
backend/app/Http/Controllers/CoursesController.php,17
frontend/src/app/views/proyectos/proyectos.module.ts,17
frontend/src/app/views/principal/principal.component.html,17
frontend/dist/views-proyectos-proyectos-module.js.map,17
frontend/dist/views-sessions-sessions-module.js,17
frontend/src/app/views/proyectos/project/documents/documents.component.ts,16
frontend/dist/views-cursos-cursos-module.js.map,16
backend/app/Http/Controllers/ProjectsController.php,15
frontend/src/app/views/cursos/gestion/gestion.component.ts,15
frontend/package.json,15
frontend/src/app/views/proyectos/add-project/add-project.component.ts,15
frontend/package-lock.json,14
frontend/src/app/views/proyectos/gestion/gestion.component.ts,14
frontend/src/app/_services/projects.service.ts,14
backend/app/Http/Controllers/DocumentController.php,14
frontend/dist/default~views-cursos-cursos-module~views-proyectos-proyectos-module.js,14
frontend/src/app/views/dashboard/dashboad-default/dashboad-default.component.ts,13
frontend/src/app/app.module.ts,12
backend/app/Http/Controllers/UsersController.php,12
frontend/dist/views-usuarios-usuarios-module.js.map,11
frontend/src/app/shared/components/layouts/admin-layout-sidebar-large/header-sidebar-large/header-sidebar-large.component.html,11
backend/composer.lock,11
frontend/src/app/app-routing.module.ts,11
frontend/dist/views-usuarios-usuarios-module.js,11
frontend/dist/views-dashboard-dashboard-module.js.map,11
frontend/src/app/_services/usuarios.service.ts,11
frontend/src/app/views/proyectos/add-project/add-project.component.html,11
frontend/src/app/views/proyectos/project/documents/documents.component.html,10
frontend/src/app/_services/cursos.service.ts,10
frontend/src/app/views/proyectos/project/add-user-requirement/add-user-requirement.component.ts,10
backend/app/User.php,10
frontend/dist/views-sessions-sessions-module.js.map,10
backend/app/Http/Controllers/AdminController.php,10
backend/app/Http/Controllers/AuthController.php,10
frontend/dist/default~views-cursos-cursos-module~views-dashboard-dashboard-module~views-proyectos-proyectos-module~791ed546.js.map,10
frontend/dist/views-dashboard-dashboard-module.js,9
frontend/src/app/views/sessions/signin/signin.component.ts,9
frontend/src/app/views/cursos/curso/curso.component.ts,9
frontend/src/app/views/proyectos/project/add-user-requirement/add-user-requirement.component.html,9
frontend/src/app/views/cursos/curso/curso.component.html,8
backend/app/Http/Controllers/UserRequirementController.php,8
backend/database/migrations/2020_05_19_063103_create_projects_table.php,8
frontend/dist/default~views-cursos-cursos-module~views-dashboard-dashboard-module~views-proyectos-proyectos-module~791ed546.js,8
.DS_Store,8
frontend/dist/default~views-cursos-cursos-module~views-proyectos-proyectos-module.js.map,8
frontend/src/app/views/cursos/cursos.module.ts,8
backend/database/migrations/2020_05_19_063201_create_user_requirements_table.php,8
backend/database/migrations/2020_05_19_063042_create_courses_table.php,8
frontend/src/app/shared/services/navigation.service.ts,8
frontend/src/app/views/proyectos/project/add-software-requirement/add-software-requirement.component.html,8
frontend/dist/vendor.js.map,7
backend/database/migrations/2020_05_19_063249_create_document_sections_table.php,7
backend/app/Course.php,7
backend/database/migrations/2020_05_19_063223_create_software_requirements_table.php,7
backend/composer.json,7
frontend/src/app/views/sessions/signin/signin.component.html,7
backend/database/migrations/2014_10_12_000000_create_users_table.php,7
frontend/dist/vendor.js,7
frontend/src/app/shared/components/layouts/admin-layout-sidebar-large/sidebar-large/sidebar-large.component.html,6
frontend/dist/styles.js,6
frontend/dist/polyfills.js,6
frontend/src/app/views/cursos/add-course/add-course.component.html,6
frontend/dist/polyfills.js.map,6
backend/app/Http/Controllers/AyudanteController.php,6
frontend/dist/runtime.js.map,6
frontend/src/app/views/cursos/add-course/add-course.component.ts,6
frontend/src/app/views/dashboard/dashboard-routing.module.ts,6
frontend/dist/runtime.js,6
frontend/dist/styles.js.map,6
backend/app/Http/Kernel.php,6
frontend/dist/polyfills-es5.js.map,6
frontend/dist/polyfills-es5.js,6
frontend/src/app/shared/components/layouts/admin-layout-sidebar-large/header-sidebar-large/header-sidebar-large.component.ts,5
backend/app/Http/Controllers/SoftwareRequirementController.php,5
frontend/src/app/_services/authentication.service.ts,5
backend/database/migrations/2020_05_19_063211_create_increments_table.php,5
frontend/src/app/views/proyectos/project/modules/modules.component.html,5
backend/app/Http/Controllers/ModuleController.php,5
frontend/src/app/shared/components/layouts/admin-layout-sidebar-large/sidebar-large/sidebar-large.component.ts,5
backend/app/Http/Controllers/TestCaseController.php,5
backend/database/migrations/2020_05_19_063152_create_test_cases_table.php,5
frontend/src/app/views/principal/principal.component.scss,5
backend/database/migrations/2020_05_19_063135_create_tasks_table.php,5
frontend/src/app/views/proyectos/gestion/details-project/details-project.component.html,5
frontend/src/app/views/dashboard/dashboard-v2/dashboard-v2.component.html,5
frontend/src/app/views/dashboard/dashboard.module.ts,5
frontend/src/app/app.component.html,5
frontend/src/app/views/proyectos/project/project.component.scss,4
frontend/dist/scripts.5e45ff3d9a5f89eacb48.js,4
frontend/src/app/views/usuarios/add-user/add-user.component.html,4
frontend/dist/3rdpartylicenses.txt,4
frontend/src/app/views/cursos/cursos-routing.module.ts,4
frontend/src/app/_services/userrequirements.service.ts,4
backend/app/Http/Controllers/GestionEstudianteController.php,4
frontend/src/app/views/others/not-found/not-found.component.html,4
frontend/src/app/views/proyectos/project/add-test-case/add-test-case.component.html,4
frontend/src/app/views/cursos/gestion/gestion.component.scss,4
frontend/src/app/views/usuarios/usuarios.module.ts,4
backend/app/Project.php,4
frontend/src/app/views/sessions/signup/signup.component.html,4
frontend/angular.json,4
backend/app/Http/Controllers/DocenteController.php,4
backend/database/migrations/2020_05_19_063234_create_modules_table.php,4
frontend/dist/index.html,4
frontend/src/app/views/proyectos/proyectos-routing.module.ts,4
frontend/src/app/views/proyectos/edit-project/edit-project.component.html,4
frontend/src/app/shared/components/footer/footer.component.html,4
frontend/src/index.html,4
frontend/src/assets/images/logo.png,4
frontend/src/app/views/usuarios/gestion/gestion.component.scss,4
frontend/src/app/views/sessions/forgot/forgot.component.html,3
frontend/src/app/views/sessions/signup/signup.component.ts,3
frontend/src/app/views/cursos/add-assistant-teacher/add-assistant-teacher.component.ts,3
frontend/src/app/views/usuarios/edit-user/edit-user.component.html,3
frontend/src/app/_services/project.service.spec.ts,3
frontend/dist/views-others-others-module.js.map,3
frontend/src/app/views/forms/wizard/wizard.component.html,3
frontend/src/app/views/dashboard/dashboad-estudiante/dashboad-estudiante.component.html,3
frontend/src/app/views/cursos/edit-course/edit-course.component.ts,3
frontend/src/app/views/proyectos/project/tasks/tasks.component.html,3
frontend/dist/assets/images/logo.png,3
frontend/dist/scripts.js.map,3
frontend/src/app/views/dashboard/dashboard-v3/dashboard-v3.component.html,3
frontend/src/app/views/proyectos/add-project/add-project.component.scss,3
frontend/src/app/views/usuarios/edit-user/edit-user.component.ts,3
frontend/dist/views-others-others-module.js,3
frontend/src/app/views/dashboard/dashboad-estudiante/dashboad-estudiante.component.ts,3
backend/database/seeds/DatabaseSeeder.php,3
frontend/src/app/views/usuarios/configuracionUsuario/configuracionUsuario.component.html,3
backend/routes/web.php,3
frontend/src/app/views/proyectos/project/add-test-case/add-test-case.component.ts,3
frontend/src/app/views/proyectos/project/add-software-requirement/add-software-requirement.component.ts,3
frontend/src/app/views/cursos/edit-course/edit-course.component.html,3
frontend/src/app/views/proyectos/project/project.component.spec.ts,3
frontend/src/app/views/principal/assets/img/header-bg.jpg,3
frontend/src/app/views/proyectos/gestion/details-project/details-project.component.ts,3
frontend/dist/scripts.js,3
frontend/src/app/views/proyectos/gestion/details-project/details-project.component.scss,3
backend/app/SoftwareRequirement.php,3
frontend/src/styles.css,3
frontend/src/app/views/usuarios/add-user/add-user.component.ts,3
backend/app/Http/Controllers/EstudianteController.php,3
frontend/src/app/views/proyectos/project/modules/modules.component.ts,3
backend/app/UserRequirement.php,3
frontend/src/app/views/dashboard/dashboard-v3/dashboard-v3.component.ts,3
frontend/src/app/views/dashboard/dashboad-docente/dashboad-default.component.html,3
frontend/src/app/views/usuarios/usuarios-routing.module.ts,3
backend/app/Http/Controllers/IncrementsController.php,3
frontend/src/app/views/cursos/add-cursos/add-cursos.component.ts,3
frontend/src/app/_services/project.service.ts,3
frontend/src/app/views/forms/wizard/wizard.component.scss,2
frontend/src/app/views/contacts/contacts-routing.module.ts,2
frontend/dist/{iconsmind.8e0d92f8065671453bc6.ttf => iconsmind.ttf},2
frontend/dist/polyfills.35617090ef120b45afe0.js,2
frontend/dist/15.cfb6bffe86ed54a58e8b.js,2
frontend/src/app/views/calendar/calendar-app.service.ts,2
frontend/src/app/views/forms/form-layouts/form-layouts.component.ts,2
frontend/src/app/views/ui-kits/accordions/accordions.component.spec.ts,2
frontend/src/app/views/proyectos/project/add-user-requirement/add-user-requirement.component.spec.ts,2
frontend/src/app/views/invoice/invoice-detail/invoice-detail.component.ts,2
frontend/dist/{info.bd97cff627c0ba042c39.svg => info.svg},2
frontend/src/app/views/chat/chat.module.spec.ts,2
frontend/src/app/views/data-tables/data-tables.module.spec.ts,2
frontend/src/app/views/forms/tag-inputs/tag-inputs.component.html,2
frontend/src/app/views/forms/tag-inputs/tag-inputs.component.scss,2
frontend/dist/{data-table.c8c6d300cb7abb9f36e8.ttf => data-table.ttf},2
frontend/src/assets/images/aprodes_logo.png,2
frontend/src/app/views/forms/basic-form/basic-form.component.html,2
frontend/src/app/shared/components/search/search.component.html,2
frontend/src/app/views/chat/chat/chat.component.ts,2
frontend/src/app/views/proyectos/project/add-increment/add-increment.component.ts,2
frontend/dist/{iconsmind.ec0bfa659ad4d1d1a7a4.woff => iconsmind.woff},2
frontend/src/app/views/pages/user-profile/user-profile.component.scss,2
frontend/src/app/views/proyectos/project/tasks/tasks.component.ts,2
backend/database/migrations/2020_05_19_063302_create_registries_table.php,2
frontend/src/app/views/forms/forms-routing.module.ts,2
frontend/src/app/views/forms/form-layouts/form-layouts.component.scss,2
frontend/src/app/views/chat/chat-contents/chat-contents.component.ts,2
frontend/src/app/views/data-tables/paging-table/paging-table.component.html,2
frontend/src/app/shared/inmemory-db/products.ts,2
frontend/dist/8.ebb23d706b58b9c809ad.js,2
frontend/src/app/views/forms/img-cropper/img-cropper.component.html,2
backend/database/migrations/2020_05_19_063052_create_guest_teachers_table.php,2
frontend/src/app/views/invoice/invoice-list/invoice-list.component.scss,2
frontend/src/app/views/inbox/compose-dialog/compose-dialog.component.ts,2
frontend/src/app/views/calendar/calendar.module.ts,2
frontend/src/app/views/forms/img-cropper/img-cropper.component.ts,2
frontend/src/app/_helpers/auth.guard.ts,2
frontend/dist/8.0b2cfb146d0b5cffb5c0.js,2
frontend/src/app/views/forms/input-groups/input-groups.component.spec.ts,2
frontend/src/app/views/inbox/messages/messages.component.ts,2
frontend/src/app/views/pages/user-profile/user-profile.component.spec.ts,2
frontend/src/app/views/usuarios/configuracionUsuario/configuracionUsuario.component.ts,2
frontend/dist/{data-table.246ea8fa6c452b0f3c4f.woff => data-table.woff},2
frontend/src/app/_helpers/jwt.interceptor.ts,2
frontend/dist/assets/images/photo-wide-4.jpg,2
frontend/dist/10.645682d92bd8780fe10d.js,2
frontend/dist/16.bbaede8dd7835e898e97.js,2
backend/config/jwt.php,2
frontend/src/app/views/chat/chat-contents/chat-contents.component.scss,2
frontend/src/app/views/usuarios/gestion/gestion.component.spec.ts,2
frontend/src/app/views/contacts/contacts.module.ts,2
frontend/dist/12.e696b9328ccefa3d3466.js,2
frontend/src/app/model-classes/project.ts,2
frontend/src/app/views/dashboard/dashboard-v4/dashboard-v4.component.ts,2
frontend/src/app/views/contacts/contact-grid/contact-grid.component.ts,2
frontend/dist/{data-table.b0aebd744ce7adb780a9.svg => data-table.svg},2
frontend/dist/17.1835e452d88787f66c65.js,2
frontend/src/app/views/invoice/invoice-detail/invoice-detail.component.html,2
frontend/src/app/views/invoice/invoice-routing.module.ts,2
frontend/src/app/views/calendar/calendar.module.spec.ts,2
frontend/dist/18.7652801ddd46378bbb4d.js,2
frontend/src/app/views/data-tables/data-tables-routing.module.ts,2
frontend/dist/header-bg.jpg,2
frontend/src/app/views/forms/img-cropper/img-cropper.component.spec.ts,2
frontend/src/app/views/invoice/invoice-detail/invoice-detail.component.scss,2
frontend/src/app/views/inbox/messages/messages.component.html,2
frontend/src/app/views/dashboard/dashboard-v4/dashboard-v4.component.scss,2
frontend/src/app/views/data-tables/list-pagination/list-pagination.component.html,2
frontend/src/app/views/data-tables/fullscreen-table/fullscreen-table.component.html,2
frontend/src/app/views/icons/iconsmind/iconsmind.component.scss,2
frontend/src/app/views/contacts/contact.service.ts,2
frontend/src/app/views/data-tables/paging-table/paging-table.component.ts,2
frontend/src/app/views/data-tables/fullscreen-table/fullscreen-table.component.ts,2
frontend/src/app/views/ui-kits/modals/modals.component.html,2
frontend/src/app/views/icons/iconsmind/iconsmind.component.html,2
frontend/src/app/views/usuarios/usuarios.module.spec.ts,2
frontend/src/app/views/contacts/contact-grid/contact-grid.component.spec.ts,2
frontend/src/app/shared/inmemory-db/users.ts,2
frontend/src/app/views/calendar/calendar-routing.module.ts,2
frontend/src/app/shared/inmemory-db/mails.ts,2
frontend/src/app/views/forms/input-mask/input-mask.component.spec.ts,2
frontend/src/app/views/invoice/invoice-list/invoice-list.component.ts,2
frontend/src/app/views/data-tables/paging-table/paging-table.component.spec.ts,2
frontend/dist/10.8d0cb4be1a2fa6fd8235.js,2
frontend/src/app/views/chat/chat-contents/chat-contents.component.html,2
frontend/dist/polyfills-es5.796cfe218c094e3f3fad.js,2
frontend/src/app/views/pages/pages-routing.module.ts,2
frontend/src/app/views/cursos/add-cursos/add-cursos.component.scss,2
backend/database/migrations/2020_05_30_062720_course_user.php,2
frontend/src/app/views/data-tables/filter-table/filter-table.component.spec.ts,2
frontend/src/assets/styles/app/globals/layouts/sidebar-large/_header.scss,2
frontend/src/app/views/cursos/add-cursos/add-cursos.component.html,2
frontend/src/app/views/calendar/calendar-form-dialog/calendar-form-dialog.component.html,2
frontend/src/app/views/calendar/calendar/calendar.component.html,2
frontend/src/app/views/invoice/invoice.module.ts,2
frontend/src/app/views/invoice/invoice-detail/invoice-detail.component.spec.ts,2
frontend/src/app/shared/components/form-wizard/wizard/wizard.component.html,2
frontend/src/app/views/inbox/messages/messages.component.scss,2
frontend/src/app/views/forms/basic-form/basic-form.component.ts,2
frontend/src/app/views/forms/input-groups/input-groups.component.scss,2
frontend/src/app/views/invoice/invoice-list/invoice-list.component.html,2
frontend/src/app/views/invoice/invoice-list/invoice-list.component.spec.ts,2
frontend/src/app/app.component.ts,2
frontend/src/app/views/pages/pages.module.ts,2
frontend/src/app/views/principal/assets/img/favicon.ico,2
frontend/src/app/views/pages/pages.module.spec.ts,2
frontend/src/app/views/dashboard/dashboard-v4/dashboard-v4.component.spec.ts,2
backend/config/auth.php,2
frontend/src/app/views/data-tables/fullscreen-table/fullscreen-table.component.scss,2
frontend/dist/{close.59b74f7a717aac2af2bb.svg => close.svg},2
frontend/src/app/views/dashboard/dashboard-ayudante/dashboad-default.component.html,2
frontend/src/app/views/forms/input-mask/input-mask.component.html,2
frontend/src/app/views/proyectos/gestion/details-project/details-project.component.spec.ts,2
frontend/src/assets/styles/app/globals/_height-width.scss,2
frontend/src/app/views/data-tables/filter-table/filter-table.component.html,2
frontend/src/app/views/forms/tag-inputs/tag-inputs.component.ts,2
frontend/src/app/views/inbox/messages/messages.component.spec.ts,2
frontend/dist/assets/styles/app/globals/layouts/sidebar-large/_header.scss,2
frontend/src/app/views/dashboard/dashboard-v3/dashboard-v3.component.spec.ts,2
frontend/src/app/views/data-tables/paging-table/paging-table.component.scss,2
frontend/src/app/model-classes/users.ts,2
frontend/src/environments/environment.prod.ts,2
frontend/src/app/views/dashboard/dashboard-v4/dashboard-v4.component.html,2
frontend/src/app/views/data-tables/list-pagination/list-pagination.component.scss,2
backend/app/GuestTeacher.php,2
frontend/src/app/views/forms/wizard/wizard.component.ts,2
frontend/dist/{data-table.bce071e976865da51100.eot => data-table.eot},2
frontend/src/app/views/proyectos/add-project/add-project.component.spec.ts,2
frontend/src/app/views/ui-kits/accordions/accordions.component.ts,2
frontend/src/app/views/calendar/calendar/calendar.component.scss,2
frontend/src/app/views/proyectos/project/add-increment/add-increment.component.html,2
frontend/dist/polyfills.14f6d85d0e199e1f7772.js,2
frontend/src/app/shared/inmemory-db/calendar-events.ts,2
frontend/src/app/views/dashboard/dashboard-v2/dashboard-v2.component.spec.ts,2
frontend/src/app/views/core/confirmation-dialog/confirmation-dialog.component.html,2
frontend/dist/common.f7e099e7b0cb922c86e5.js,2
frontend/src/app/views/core/confirmation-dialog/confirmation-dialog.component.scss,2
frontend/src/app/views/forms/basic-form/basic-form.component.spec.ts,2
backend/config/app.php,2
backend/app/Tools/UserProfile.php,2
frontend/dist/{danger.7044542d5bf336f841e2.svg => danger.svg},2
frontend/dist/assets/styles/app/globals/_height-width.scss,2
frontend/src/app/views/icons/icons-routing.module.ts,2
frontend/dist/common.js.map,2
frontend/src/app/views/inbox/compose-dialog/compose-dialog.component.html,2
frontend/dist/common.63365b192a2f8c517641.js,2
frontend/src/app/views/chat/chat.module.ts,2
frontend/src/app/views/inbox/compose-dialog/compose-dialog.component.spec.ts,2
frontend/src/app/views/chat/chat/chat.component.spec.ts,2
frontend/src/assets/images/photo-wide-4.jpg,2
frontend/src/app/views/chat/chat-left-sidebar/chat-left-sidebar.component.ts,2
frontend/src/app/views/calendar/calendar/calendar.component.spec.ts,2
backend/app/Http/Controllers/SoftwareRequeriment.php,2
frontend/src/app/views/principal/assets/img/navbar-logo.svg,2
frontend/src/app/views/ui-kits/accordions/accordions.component.scss,2
frontend/src/app/views/forms/form-layouts/form-layouts.component.html,2
frontend/src/app/_services/softwarerequirements.service.ts,2
frontend/src/app/views/chat/chat-left-sidebar/chat-left-sidebar.component.scss,2
backend/database/migrations/2020_05_27_200834_project_user_role.php,2
frontend/src/app/views/cursos/add-assistant-student/add-assistant-student.component.ts,2
frontend/src/app/views/calendar/calendar/calendar.component.ts,2
frontend/src/app/views/chat/chat-routing.module.ts,2
frontend/src/app/views/icons/iconsmind/iconsmind.component.ts,2
frontend/src/app/views/chat/chat-contents/chat-contents.component.spec.ts,2
frontend/dist/assets/images/photo-long-3.jpg,2
frontend/src/app/_services/module.service.ts,2
frontend/src/assets/images/logo-taller.jpg,2
frontend/src/app/views/forms/input-groups/input-groups.component.ts,2
frontend/src/app/views/forms/tag-inputs/tag-inputs.component.spec.ts,2
frontend/src/assets/images/faces/generic-profile.png,2
frontend/src/app/views/pages/user-profile/user-profile.component.ts,2
frontend/src/app/views/principal/principal.component.ts,2
frontend/src/app/views/data-tables/filter-table/filter-table.component.ts,2
frontend/src/app/views/chat/chat/chat.component.html,2
frontend/src/app/views/calendar/calendar-form-dialog/calendar-form-dialog.component.ts,2
frontend/src/app/views/pages/user-profile/user-profile.component.html,2
frontend/dist/{checkmark.c41db936fab845061171.svg => checkmark.svg},2
frontend/dist/styles.01f2ac5a379e9eb62757.css,2
frontend/src/assets/images/photo-long-3.jpg,2
frontend/src/app/views/contacts/contact-grid/contact-grid.component.scss,2
frontend/src/app/views/calendar/calendar-form-dialog/calendar-form-dialog.component.spec.ts,2
backend/config/services.php,2
frontend/dist/11.866e222cb2145febf45c.js,2
frontend/src/app/shared/components/layouts/admin-layout-sidebar-large/.DS_Store,2
frontend/src/app/views/icons/icons.module.ts,2
backend/app/TestCase.php,2
frontend/src/app/views/cursos/add-cursos/add-cursos.component.spec.ts,2
frontend/dist/{iconsmind.916e1950c9a4c2b77b81.eot => iconsmind.eot},2
frontend/src/app/views/forms/forms.module.ts,2
frontend/src/app/views/data-tables/filter-table/filter-table.component.scss,2
frontend/dist/9.04138b7a6be0ef99d3dd.js,2
frontend/dist/14.5b64c4cb08ba010d5f89.js,2
frontend/dist/9.dbf35b5f99a4ab0ee862.js,2
frontend/dist/main.e158f8d52b436235e2a1.js,2
frontend/src/app/views/forms/basic-form/basic-form.component.scss,2
frontend/src/app/views/inbox/inbox-routing.module.ts,2
frontend/src/app/views/core/confirmation-dialog/confirmation-dialog.component.ts,2
frontend/src/app/_helpers/error.interceptor.ts,2
frontend/src/app/views/data-tables/data-tables.module.ts,2
frontend/src/app/views/forms/input-mask/input-mask.component.ts,2
frontend/src/app/views/dashboard/dashboard-v2/dashboard-v2.component.scss,2
frontend/dist/{iconsmind.e46edded8037dc3ee811.svg => iconsmind.svg},2
frontend/dist/assets/styles/app/themes/_lite-purple.scss,2
frontend/src/app/views/inbox/compose-dialog/compose-dialog.component.scss,2
frontend/src/app/views/proyectos/edit-project/edit-project.component.ts,2
frontend/src/app/views/contacts/contact-grid/contact-grid.component.html,2
frontend/dist/3.919a405886201f0fe3eb.js,2
frontend/dist/20.b910c9369506a5409664.js,2
frontend/dist/runtime.a36664127f7c59bc2879.js,2
frontend/src/app/views/dashboard/dashboard-v3/dashboard-v3.component.scss,2
frontend/dist/19.2f605a13cf520b269286.js,2
frontend/src/app/views/forms/wizard/wizard.component.spec.ts,2
frontend/dist/13.17687e1071e17fab6690.js,2
frontend/dist/runtime.686186495bd6626cbc97.js,2
frontend/src/app/views/forms/input-mask/input-mask.component.scss,2
frontend/dist/polyfills-es5.c0c65b1bc7ba8bfc8670.js,2
frontend/src/app/material.module.ts,2
frontend/src/app/views/chat/chat-left-sidebar/chat-left-sidebar.component.html,2
frontend/src/app/views/icons/iconsmind/iconsmind.component.spec.ts,2
frontend/src/app/views/core/confirmation-dialog/confirmation-dialog.component.spec.ts,2
frontend/src/app/views/data-tables/list-pagination/list-pagination.component.spec.ts,2
frontend/src/app/views/data-tables/fullscreen-table/fullscreen-table.component.spec.ts,2
frontend/dist/1.4b47d3448b2f3bed55bd.js,2
backend/app/Http/Middleware/RoleMiddleware.php,2
frontend/dist/1.ac0998b7691901c30e4b.js,2
frontend/dist/11.90189951a3719bd102ab.js,2
frontend/src/app/views/inbox/inbox.module.ts,2
frontend/dist/7.3cd482a58d14f399ac0d.js,2
frontend/src/app/views/forms/form-layouts/form-layouts.component.spec.ts,2
frontend/src/app/shared/inmemory-db/countries.ts,2
frontend/src/app/views/contacts/contact.service.spec.ts,2
frontend/src/_models/user.ts,2
frontend/src/app/shared/components/layouts/admin-layout-sidebar-large/admin-layout-sidebar-large.component.html,2
frontend/src/app/views/principal/assets/img/close-icon.svg,2
frontend/src/app/views/icons/icons.module.spec.ts,2
frontend/src/app/shared/inmemory-db/inmemory-db.service.ts,2
frontend/src/app/shared/inmemory-db/chat-db.ts,2
frontend/src/app/views/forms/forms.module.spec.ts,2
backend/app/RoleUser.php,2
frontend/src/app/views/dashboard/dashboard-v2/dashboard-v2.component.ts,2
frontend/src/app/views/invoice/invoice.module.spec.ts,2
frontend/src/app/views/chat/chat.service.ts,2
frontend/src/app/views/ui-kits/accordions/accordions.component.html,2
frontend/src/app/views/chat/chat-left-sidebar/chat-left-sidebar.component.spec.ts,2
frontend/src/app/views/calendar/calendar-form-dialog/calendar-form-dialog.component.scss,2
backend/app/UserRole.php,2
frontend/src/app/views/principal/principal.component.spec.ts,2
frontend/dist/{page-bg-bottom.ec613ada298590517b55.png => page-bg-bottom.png},2
frontend/dist/main.3a20a98d621bb18342a2.js,2
frontend/src/app/views/forms/img-cropper/img-cropper.component.scss,2
frontend/src/app/shared/inmemory-db/invoices.ts,2
frontend/src/assets/styles/app/themes/_lite-purple.scss,2
frontend/src/app/views/forms/input-groups/input-groups.component.html,2
frontend/dist/styles.1810f78d01c268317fc1.css,2
backend/app/Http/Middleware/Authenticate.php,2
frontend/src/app/views/cursos/cursos.module.spec.ts,2
frontend/dist/common.js,2
frontend/src/app/views/chat/chat/chat.component.scss,2
frontend/src/app/views/inbox/inbox.module.spec.ts,2
frontend/src/app/views/data-tables/list-pagination/list-pagination.component.ts,2
frontend/dist/assets/styles/vendor/bootstrap/mixins/_box-shadow.scss,1
frontend/src/assets/styles/vendor/bootstrap/mixins/_nav-divider.scss,1
frontend/src/assets/styles/app/globals/_typography.scss,1
frontend/src/assets/styles/vendor/bootstrap-rtl/_navbar.scss,1
frontend/src/assets/styles/vendor/bootstrap/mixins/_lists.scss,1
frontend/src/assets/styles/vendor/bootstrap/_reboot.scss,1
frontend/src/assets/styles/app/globals/views/_inbox.scss,1
backend/database/migrations/2020_05_19_063151_create_software_requirements_table.php,1
frontend/dist/assets/styles/vendor/bootstrap-rtl/_button-group.scss,1
frontend/src/app/views/dashboard/.DS_Store,1
frontend/dist/assets/styles/vendor/bootstrap/_root.scss,1
frontend/src/assets/styles/vendor/bootstrap/mixins/_caret.scss,1
frontend/src/app/shared/components/.DS_Store,1
frontend/src/assets/styles/vendor/bootstrap-rtl/_transitions.scss,1
frontend/dist/assets/images/photo-long-1.jpg,1
frontend/src/app/views/dashboard/dashboard-ayudante/dashboad-default.component.spec.ts,1
frontend/dist/assets/styles/app/globals/components/_ngx-quill.scss,1
frontend/src/assets/images/faces/8.jpg,1
frontend/src/app/_helpers/profile.guard.ts,1
frontend/dist/assets/styles/vendor/bootstrap/mixins/_breakpoints.scss,1
frontend/e2e/src/app.e2e-spec.ts,1
frontend/dist/assets/styles/vendor/bootstrap/mixins/_visibility.scss,1
backend/app/Console/Kernel.php,1
frontend/src/assets/styles/vendor/bootstrap-rtl/mixins/_text-truncate.scss,1
frontend/src/app/shared/components/form-wizard/wizard-step/wizard-step.component.scss,1
frontend/src/app/views/usuarios/add-user/add-user.component.spec.ts,1
frontend/src/app/views/usuarios/configuracionUsuario/configuracionUsuario.component.scss,1
frontend/dist/assets/styles/app/globals/components/_dropdown.scss,1
backend/config/cache.php,1
frontend/src/app/shared/directives/highlightjs.directive.ts,1
frontend/src/assets/styles/vendor/bootstrap/_progress.scss,1
frontend/src/assets/styles/vendor/bootstrap/.browserslistrc,1
frontend/src/app/views/dashboard/dashboad-docente/dashboad-default.component.spec.ts,1
frontend/dist/assets/styles/vendor/bootstrap/_input-group.scss,1
frontend/src/app/shared/components/layouts/admin-layout-sidebar-large/admin-layout-sidebar-large.component.spec.ts,1
frontend/dist/{data-table.eot => data-table.bce071e976865da51100.eot},1
frontend/dist/assets/styles/vendor/bootstrap-rtl/_close.scss,1
frontend/src/karma.conf.js,1
frontend/dist/assets/styles/vendor/bootstrap-rtl/bootstrap-reboot.scss,1
frontend/dist/assets/styles/app/globals/views/_invoice.scss,1
backend/bootstrap/cache/.gitignore,1
frontend/dist/assets/styles/vendor/bootstrap/_transitions.scss,1
frontend/dist/assets/styles/app/globals/views/_views.scss,1
frontend/dist/assets/styles/vendor/bootstrap/mixins/_pagination.scss,1
frontend/dist/assets/styles/vendor/bootstrap-rtl/_images.scss,1
frontend/src/assets/styles/app/_bootstrap-rtl.scss,1
frontend/src/assets/styles/vendor/bootstrap/bootstrap-reboot.scss,1
frontend/dist/assets/styles/vendor/bootstrap/.babelrc.js,1
frontend/src/assets/images/faces/4.jpg,1
frontend/src/assets/styles/vendor/bootstrap-rtl/mixins/_screen-reader.scss,1
frontend/dist/assets/styles/vendor/bootstrap/mixins/_border-radius.scss,1
frontend/src/app/views/dashboard/dashboad-docente/dashboad-default.component.css,1
frontend/dist/assets/styles/vendor/bootstrap/.github/SUPPORT.md,1
frontend/src/app/views/dashboard/dashboard.module.spec.ts,1
frontend/src/app/views/ui-kits/badges/badges.component.ts,1
frontend/src/assets/styles/app/globals/_globals.scss,1
backend/.styleci.yml,1
frontend/dist/assets/styles/vendor/bootstrap-rtl/_jumbotron.scss,1
frontend/src/assets/styles/vendor/bootstrap-rtl/mixins/_image.scss,1
frontend/src/assets/styles/app/globals/components/_alerts.scss,1
frontend/dist/{iconsmind.svg => iconsmind.e46edded8037dc3ee811.svg},1
frontend/dist/assets/styles/vendor/bootstrap/_card.scss,1
frontend/src/assets/styles/app/globals/mixins/_gradients.scss,1
frontend/src/assets/styles/vendor/bootstrap/mixins/_clearfix.scss,1
frontend/dist/assets/styles/vendor/bootstrap/mixins/_hover.scss,1
frontend/src/assets/styles/app/globals/components/_dropdown.scss,1
frontend/src/app/shared/components/form-wizard/wizard/wizard.component.ts,1
frontend/src/assets/styles/vendor/bootstrap-rtl/mixins/_grid.scss,1
frontend/src/assets/styles/vendor/bootstrap-rtl/_code.scss,1
frontend/src/app/shared/directives/scroll-to.directive.ts,1
frontend/src/assets/styles/vendor/bootstrap/_type.scss,1
frontend/dist/assets/styles/vendor/bootstrap/utilities/_sizing.scss,1
frontend/dist/assets/styles/app/globals/views/_inbox.scss,1
frontend/src/app/shared/services/data-layer.service.ts,1
frontend/src/app/shared/components/layouts/admin-layout-sidebar-large/header-sidebar-large/header-sidebar-large.component.spec.ts,1
frontend/src/app/views/principal/assets/fonts/fontawesome-webfont.woff,1
frontend/src/assets/styles/vendor/bootstrap/_print.scss,1
frontend/dist/assets/styles/vendor/bootstrap/utilities/_screenreaders.scss,1
frontend/src/assets/images/screenshots/04_preview.png,1
frontend/src/assets/images/icono-logo.png,1
frontend/src/assets/styles/app/_app.scss,1
frontend/dist/banner2.jpg,1
frontend/src/assets/styles/vendor/bootstrap/mixins/_list-group.scss,1
frontend/src/app/views/ui-kits/cards-ecommerce/cards-ecommerce.component.spec.ts,1
frontend/dist/assets/styles/vendor/bootstrap/mixins/_background-variant.scss,1
frontend/src/app/shared/components/footer/footer.component.ts,1
frontend/dist/assets/styles/vendor/bootstrap/_type.scss,1
frontend/src/app/views/proyectos/project/tasks/tasks.component.spec.ts,1
frontend/src/assets/styles/vendor/bootstrap-rtl/utilities/_align.scss,1
frontend/dist/assets/styles/vendor/bootstrap-rtl/mixins/_badge.scss,1
backend/storage/framework/.gitignore,1
frontend/src/app/views/ui-kits/modals/modals.component.scss,1
frontend/src/assets/styles/vendor/bootstrap-rtl/_list-group.scss,1
frontend/src/assets/styles/app/_variables.scss,1
backend/public/index.php,1
frontend/src/app/views/ui-kits/card-widgets/card-widgets.component.html,1
frontend/src/app/shared/services/{auth.gaurd.ts => auth.guard.ts},1
frontend/dist/assets/styles/vendor/bootstrap/.eslintrc.json,1
frontend/src/app/app.component.css,1
frontend/src/assets/styles/vendor/bootstrap/mixins/_image.scss,1
frontend/dist/assets/styles/vendor/bootstrap/_toasts.scss,1
frontend/src/app/views/ui-kits/card-widgets/card-widgets.component.ts,1
frontend/src/assets/styles/app/globals/components/_loader.scss,1
backend/app/Exceptions/Handler.php,1
frontend/src/app/views/ui-kits/buttons/buttons.component.scss,1
frontend/src/assets/images/faces/16.jpg,1
frontend/src/assets/styles/app/globals/views/_session.scss,1
frontend/dist/assets/styles/app/globals/mixins/_mixins.scss,1
frontend/dist/assets/styles/app/globals/_animations.scss,1
frontend/src/assets/styles/vendor/bootstrap/_tooltip.scss,1
frontend/dist/assets/images/faces/4.jpg,1
frontend/dist/assets/styles/app/globals/layouts/_footer.scss,1
frontend/dist/data-table.bce071e976865da51100.eot,1
frontend/src/assets/styles/vendor/bootstrap-rtl/_mixins.scss,1
frontend/dist/fontawesome-webfont.ttf,1
backend/config/session.php,1
frontend/dist/assets/styles/app/globals/components/_accordions.scss,1
frontend/dist/assets/styles/vendor/bootstrap-rtl/mixins/_resize.scss,1
frontend/src/assets/styles/vendor/bootstrap-rtl/_pagination.scss,1
frontend/src/app/views/ui-kits/cards/cards.component.spec.ts,1
frontend/src/assets/styles/vendor/bootstrap-rtl/mixins/_text-emphasis.scss,1
frontend/dist/assets/styles/vendor/bootstrap/bootstrap.scss,1
frontend/dist/assets/styles/vendor/bootstrap-rtl/utilities/_text.scss,1
frontend/src/assets/styles/app/globals/_palette.scss,1
frontend/browserslist,1
frontend/src/assets/styles/vendor/bootstrap/_utilities.scss,1
frontend/src/assets/styles/vendor/bootstrap/.github/ISSUE_TEMPLATE/bug_report.md,1
frontend/src/assets/styles/vendor/bootstrap/_nav.scss,1
frontend/src/assets/styles/vendor/bootstrap/mixins/_breakpoints.scss,1
frontend/dist/assets/images/log-in_menu_image.jpg,1
frontend/src/app/views/cursos/add-assistant-teacher/add-assistant-teacher.component.spec.ts,1
frontend/src/app/shared/services/local-store.service.ts,1
frontend/src/assets/styles/vendor/bootstrap/_grid.scss,1
backend/storage/logs/.gitignore,1
frontend/src/app/views/ui-kits/popover/popover.component.spec.ts,1
backend/database/migrations/2014_10_12_100000_create_password_resets_table.php,1
frontend/src/app/views/ui-kits/alerts/alerts.component.spec.ts,1
frontend/dist/assets/styles/vendor/bootstrap/_modal.scss,1
frontend/src/app/shared/components/customizer/customizer.component.ts,1
frontend/src/app/_helpers/momentdate.formatter.ts,1
backend/app/Http/Middleware/EncryptCookies.php,1
frontend/dist/assets/styles/vendor/bootstrap/.github/ISSUE_TEMPLATE/bug_report.md,1
frontend/src/app/views/principal/assets/fonts/fontawesome-webfont.ttf,1
frontend/dist/assets/styles/iconsmind/iconsmind.css,1
frontend/src/assets/images/logo-white.png,1
frontend/src/assets/styles/vendor/bootstrap-rtl/utilities/_sizing.scss,1
frontend/src/app/views/cursos/add-assistant-teacher/add-assistant-teacher.component.html,1
frontend/src/assets/styles/vendor/bootstrap-rtl/_dropdown.scss,1
frontend/dist/assets/styles/vendor/bootstrap-rtl/utilities/_visibility.scss,1
frontend/src/app/views/ui-kits/loaders/loaders.component.spec.ts,1
frontend/src/assets/styles/vendor/bootstrap-rtl/utilities/_background.scss,1
frontend/dist/assets/styles/vendor/bootstrap/mixins/_clearfix.scss,1
frontend/dist/assets/styles/app/globals/components/_alerts.scss,1
frontend/src/app/views/others/not-found/not-found.component.ts,1
frontend/src/assets/styles/app/globals/components/_button.scss,1
frontend/dist/{banner2.jpg => banner2.f65524dfb2a04f754dfa.jpg},1
frontend/src/assets/styles/vendor/bootstrap-rtl/utilities/_text.scss,1
frontend/dist/assets/images/products/headphone-3.jpg,1
frontend/src/assets/images/faces/7.jpg,1
frontend/src/app/views/cursos/add-course/add-course.component.scss,1
frontend/src/app/views/dashboard/dashboad-estudiante/dashboad-estudiante.component.css,1
frontend/dist/assets/styles/app/globals/views/_contact-page.scss,1
frontend/dist/{fontawesome-webfont.d7c639084f684d66a1bc.svg => fontawesome-webfont.svg},1
frontend/src/app/views/ui-kits/modals/modals.component.spec.ts,1
frontend/dist/assets/images/screenshots/02_preview.png,1
frontend/dist/assets/styles/vendor/bootstrap/_close.scss,1
frontend/dist/assets/styles/vendor/bootstrap-rtl/bootstrap.scss,1
backend/app/Jobs/InvitarUsuario.php,1
frontend/src/app/shared/pipes/relative-time.pipe.ts,1
arquitecturas/Taller-Modelo_de_clases.jpg,1
frontend/src/app/views/cursos/gestion/gestion.component.spec.ts,1
frontend/src/assets/images/photo-long-4.jpg,1
frontend/src/assets/styles/vendor/bootstrap/_transitions.scss,1
frontend/dist/assets/styles/app/globals/components/_icon.scss,1
frontend/dist/assets/styles/vendor/bootstrap-rtl/_pagination.scss,1
frontend/src/app/views/sessions/signin/signin.component.spec.ts,1
frontend/src/assets/styles/vendor/bootstrap/utilities/_align.scss,1
frontend/src/app/views/others/not-found/not-found.component.spec.ts,1
frontend/dist/assets/images/faces/15.jpg,1
frontend/dist/{data-table.ttf => data-table.c8c6d300cb7abb9f36e8.ttf},1
frontend/src/assets/styles/vendor/bootstrap/.stylelintrc,1
frontend/src/app/shared/components/btn-loading/btn-loading.component.scss,1
frontend/src/assets/styles/vendor/bootstrap-rtl/utilities/_float.scss,1
frontend/dist/assets/styles/vendor/bootstrap-rtl/mixins/_border-radius.scss,1
frontend/dist/assets/styles/vendor/bootstrap/_badge.scss,1
frontend/src/assets/styles/vendor/bootstrap-rtl/mixins/_clearfix.scss,1
frontend/dist/assets/styles/vendor/bootstrap-rtl/mixins/_navbar-align.scss,1
frontend/src/app/_services/{project.service.ts => projects.service.ts},1
frontend/src/assets/images/pic02.jpg,1
frontend/src/app/views/ui-kits/card-metrics/card-metrics.component.spec.ts,1
frontend/src/app/shared/components/shared-components.module.ts,1
frontend/dist/assets/styles/vendor/bootstrap-rtl/utilities/_clearfix.scss,1
frontend/src/assets/styles/app/globals/mixins/_mixins.scss,1
frontend/src/app/views/others/others-routing.module.ts,1
frontend/src/assets/styles/vendor/bootstrap/_code.scss,1
frontend/dist/assets/styles/vendor/bootstrap-rtl/mixins/_image.scss,1
frontend/src/assets/styles/vendor/bootstrap-rtl/mixins/_buttons.scss,1
frontend/src/polyfills.ts,1
backend/app/Http/Controllers/Auth/ResetPasswordController.php,1
frontend/src/assets/images/products/iphone-1.jpg,1
frontend/src/app/views/ui-kits/cards-ecommerce/cards-ecommerce.component.ts,1
frontend/src/app/views/ui-kits/buttons-loading/buttons-loading.component.scss,1
frontend/dist/assets/styles/vendor/bootstrap/_jumbotron.scss,1
frontend/src/assets/styles/vendor/bootstrap-rtl/_buttons.scss,1
frontend/src/app/views/cursos/curso/curso.component.spec.ts,1
frontend/src/app/shared/directives/full-screen.directive.ts,1
frontend/src/app/shared/components/form-wizard/wizard-step/wizard-step.component.html,1
frontend/src/app/views/principal/assets/fonts/fontawesome-webfont.svg,1
frontend/dist/assets/styles/iconsmind/iconsmind.svg,1
frontend/src/assets/styles/app/globals/layouts/_layouts.scss,1
frontend/src/app/_services/module.service.spec.ts,1
frontend/dist/assets/styles/vendor/bootstrap-rtl/mixins/_caret.scss,1
frontend/dist/assets/styles/vendor/bootstrap-rtl/_custom-forms.scss,1
frontend/dist/info.bd97cff627c0ba042c39.svg,1
frontend/src/assets/images/products/watch-1.jpg,1
frontend/dist/assets/styles/app/globals/components/_sidebar.directive.scss,1
frontend/src/assets/styles/vendor/bootstrap/utilities/_spacing.scss,1
frontend/src/app/views/dashboard/dashboad-default/dashboad-default.component.spec.ts,1
frontend/dist/assets/styles/app/_variables.scss,1
frontend/dist/assets/styles/app/globals/_box-shadow.scss,1
frontend/dist/{data-table.woff => data-table.246ea8fa6c452b0f3c4f.woff},1
frontend/src/assets/styles/app/globals/layouts/sidebar-compact/_header.scss,1
frontend/dist/assets/styles/vendor/bootstrap-rtl/_variables.scss,1
frontend/tsconfig.json,1
frontend/src/app/views/principal/images/banner2.jpg,1
frontend/src/app/shared/components/form-wizard/wizard/wizard.component.scss,1
frontend/src/assets/styles/vendor/bootstrap-rtl/mixins/_gradients.scss,1
backend/app/CourseUser.php,1
frontend/src/assets/styles/vendor/bootstrap/_pagination.scss,1
frontend/src/assets/styles/app/globals/views/_404.scss,1
backend/public/web.config,1
frontend/src/app/shared/components/search/search.component.scss,1
frontend/src/app/views/principal/assets/js/util.js,1
frontend/src/assets/styles/app/globals/components/_avatar.scss,1
frontend/src/app/views/sessions/forgot/forgot.component.ts,1
frontend/src/assets/styles/vendor/bootstrap/mixins/_grid-framework.scss,1
frontend/dist/assets/images/faces/13.jpg,1
frontend/src/assets/styles/vendor/bootstrap/mixins/_buttons.scss,1
frontend/dist/assets/styles/vendor/bootstrap-rtl/bootstrap-grid.scss,1
frontend/dist/assets/styles/vendor/bootstrap/bootstrap-grid.scss,1
frontend/src/app/shared/components/layouts/auth-layout/auth-layout.component.scss,1
frontend/dist/assets/styles/vendor/bootstrap-rtl/_navbar.scss,1
frontend/src/assets/styles/vendor/bootstrap-rtl/_jumbotron.scss,1
frontend/dist/assets/images/faces/12.jpg,1
frontend/src/app/views/cursos/add-assistant-student/add-assistant-student.component.html,1
frontend/dist/assets/images/products/speaker-2.jpg,1
frontend/dist/assets/images/faces/generic-profile3.png,1
frontend/src/assets/styles/vendor/bootstrap/.github/CONTRIBUTING.md,1
frontend/dist/assets/styles/vendor/bootstrap-rtl/_alert.scss,1
backend/webpack.mix.js,1
frontend/dist/assets/styles/vendor/bootstrap/mixins/_table-row.scss,1
backend/.gitattributes,1
frontend/dist/{info.svg => info.bd97cff627c0ba042c39.svg},1
frontend/dist/assets/styles/vendor/bootstrap-rtl/utilities/_flex.scss,1
frontend/src/app/views/proyectos/proyectos.module.spec.ts,1
frontend/dist/iconsmind.ec0bfa659ad4d1d1a7a4.woff,1
frontend/src/app/views/dashboard/dashboard-ayudante/dashboad-default.component.css,1
backend/app/Http/Controllers/{AdminController.php => UsersController.php},1
frontend/src/app/views/proyectos/edit-project/edit-project.component.spec.ts,1
frontend/dist/assets/images/photo-long-3.old.jpg,1
backend/app/Providers/AppServiceProvider.php,1
README.md,1
frontend/src/app/shared/pipes/excerpt.pipe.ts,1
frontend/src/app/views/ui-kits/loaders/loaders.component.scss,1
frontend/src/app/_services/testcases.service.ts,1
frontend/src/app/views/proyectos/edit-project/edit-project.component.scss,1
backend/public/.htaccess,1
backend/tests/Unit/ExampleTest.php,1
frontend/dist/assets/images/products/headphone-1.jpg,1
frontend/dist/assets/images/faces/10.jpg,1
backend/app/Providers/AuthServiceProvider.php,1
backend/resources/lang/en/validation.php,1
backend/resources/js/bootstrap.js,1
frontend/dist/assets/styles/vendor/bootstrap/.editorconfig,1
frontend/src/app/shared/directives/sidebar.directive.ts,1
frontend/dist/assets/styles/app/globals/components/_angular2-wizard.scss,1
frontend/src/assets/images/info.svg,1
frontend/dist/{fontawesome-webfont.eot => fontawesome-webfont.25a32416abee198dd821.eot},1
frontend/src/app/shared/components/feather-icon/feather-icon.component.scss,1
frontend/src/app/views/.DS_Store,1
backend/config/view.php,1
frontend/src/app/views/ui-kits/badges/badges.component.scss,1
frontend/src/assets/styles/app/globals/components/_img-cropper.scss,1
frontend/src/assets/images/faces/10.jpg,1
frontend/dist/assets/images/logo-text.png,1
frontend/dist/assets/images/photo-wide-3.jpg,1
frontend/src/assets/styles/vendor/bootstrap-rtl/_alert.scss,1
frontend/src/assets/styles/app/globals/layouts/sidebar-compact/_layout-sidebar-compact.scss,1
frontend/src/app/shared/shared.module.spec.ts,1
frontend/src/assets/styles/app/globals/layouts/_colors.scss,1
frontend/src/assets/styles/app/globals/components/_calendar.scss,1
frontend/src/assets/styles/vendor/bootstrap/mixins/_alert.scss,1
frontend/src/app/views/proyectos/project/modules/modules.component.spec.ts,1
frontend/src/assets/.gitkeep,1
frontend/dist/assets/images/checkmark.svg,1
frontend/src/assets/styles/vendor/bootstrap-rtl/_tables.scss,1
frontend/src/app/views/principal/assets/fonts/FontAwesome.otf,1
frontend/src/assets/images/pass_olvidada.png,1
frontend/dist/assets/styles/vendor/bootstrap-rtl/mixins/_text-emphasis.scss,1
frontend/dist/assets/styles/vendor/bootstrap-rtl/_nav.scss,1
frontend/src/app/shared/components/btn-loading/btn-loading.component.html,1
frontend/dist/{fontawesome-webfont.1dc35d25e61d819a9c35.ttf => fontawesome-webfont.ttf},1
frontend/dist/assets/styles/app/globals/_colors.scss,1
frontend/dist/assets/styles/vendor/bootstrap-rtl/_media.scss,1
frontend/src/app/views/principal/assets/fonts/fontawesome-webfont.woff2,1
frontend/dist/assets/styles/vendor/bootstrap-rtl/_code.scss,1
frontend/src/assets/styles/app/globals/_colors.scss,1
backend/config/cors.php,1
frontend/src/app/views/cursos/add-course/add-course.component.spec.ts,1
frontend/src/assets/styles/app/globals/components/_rating.scss,1
frontend/src/assets/styles/vendor/bootstrap/mixins/_background-variant.scss,1
frontend/dist/assets/images/faces/6.jpg,1
backend/app/Http/Controllers/Auth/ConfirmPasswordController.php,1
frontend/src/assets/styles/vendor/bootstrap-rtl/mixins/_lists.scss,1
frontend/dist/assets/styles/vendor/bootstrap-rtl/_print.scss,1
frontend/src/app/views/ui-kits/loaders/loaders.component.html,1
frontend/src/assets/styles/vendor/bootstrap/utilities/_visibility.scss,1
frontend/src/app/shared/components/search/search.component.ts,1
frontend/dist/assets/styles/app/globals/components/_tab.scss,1
frontend/dist/assets/styles/vendor/bootstrap/_list-group.scss,1
frontend/src/assets/styles/vendor/bootstrap/.gitignore,1
frontend/src/assets/styles/vendor/bootstrap/_tables.scss,1
frontend/src/assets/styles/vendor/bootstrap-rtl/bootstrap-grid.scss,1
frontend/dist/assets/icons/deleteCRUD.svg,1
frontend/dist/assets/images/products/watch-1.jpg,1
backend/storage/app/.gitignore,1
frontend/dist/assets/images/photo-wide-1.jpg,1
backend/.env.example,1
frontend/src/tslint.json,1
frontend/src/app/shared/services/sidebar-helper.service.ts,1
frontend/dist/assets/images/faces/7.jpg,1
backend/resources/lang/en/passwords.php,1
frontend/src/assets/styles/vendor/bootstrap-rtl/_images.scss,1
frontend/src/assets/images/faces/generic-profile2.png,1
frontend/dist/assets/styles/vendor/bootstrap/utilities/_visibility.scss,1
frontend/src/assets/styles/vendor/bootstrap/_forms.scss,1
backend/bootstrap/app.php,1
frontend/src/assets/styles/vendor/bootstrap/utilities/_embed.scss,1
frontend/src/assets/styles/vendor/bootstrap/_jumbotron.scss,1
backend/app/DocumentSection.php,1
frontend/src/app/views/ui-kits/card-metrics/card-metrics.component.scss,1
frontend/src/app/views/ui-kits/buttons/buttons.component.spec.ts,1
frontend/dist/assets/styles/vendor/bootstrap-rtl/mixins/_pagination.scss,1
frontend/src/assets/styles/vendor/bootstrap-rtl/mixins/_transition.scss,1
backend/app/Providers/RouteServiceProvider.php,1
frontend/src/app/shared/services/product.service.ts,1
frontend/dist/data-table.c8c6d300cb7abb9f36e8.ttf,1
frontend/src/app/views/ui-kits/popover/popover.component.scss,1
frontend/src/app/shared/components/form-wizard/wizard-step/wizard-step.component.spec.ts,1
frontend/src/app/shared/components/form-wizard/wizard-step/wizard-step.component.ts,1
frontend/src/assets/styles/vendor/bootstrap/utilities/_shadows.scss,1
frontend/src/assets/styles/vendor/bootstrap-rtl/mixins/_background-variant.scss,1
backend/app/Module.php,1
frontend/src/assets/styles/app/globals/_box-shadow.scss,1
frontend/src/app/views/usuarios/configuracionUsuario/configuracionUsuario.component.spec.ts,1
frontend/src/assets/images/products/watch-2.jpg,1
frontend/dist/assets/styles/vendor/bootstrap-rtl/_dropdown.scss,1
frontend/dist/assets/styles/vendor/bootstrap/utilities/_float.scss,1
frontend/src/app/shared/components/search/search.component.spec.ts,1
frontend/src/assets/styles/vendor/bootstrap/_carousel.scss,1
frontend/dist/assets/images/pic02.jpg,1
frontend/dist/data-table.b0aebd744ce7adb780a9.svg,1
backend/server.php,1
frontend/src/assets/styles/app/globals/components/_popover.scss,1
frontend/src/app/views/cursos/curso/curso.component.scss,1
frontend/src/assets/styles/app/globals/views/_user-profile.scss,1
backend/app/Role.php,1
frontend/dist/assets/styles/vendor/bootstrap/_utilities.scss,1
backend/app/Http/Middleware/CheckForMaintenanceMode.php,1
frontend/dist/{iconsmind.eot => iconsmind.916e1950c9a4c2b77b81.eot},1
frontend/dist/assets/styles/vendor/bootstrap-rtl/_reboot.scss,1
frontend/src/assets/images/close.svg,1
frontend/src/assets/styles/vendor/bootstrap/_popover.scss,1
backend/config/logging.php,1
frontend/src/assets/styles/vendor/bootstrap/mixins/_visibility.scss,1
frontend/dist/assets/styles/vendor/bootstrap/_mixins.scss,1
frontend/src/app/shared/components/layouts/admin-layout-sidebar-large/header-sidebar-large/header-sidebar-large.component.scss,1
backend/database/migrations/2019_08_19_000000_create_failed_jobs_table.php,1
backend/config/broadcasting.php,1
frontend/src/assets/styles/vendor/bootstrap-rtl/bootstrap-reboot.scss,1
frontend/dist/assets/styles/app/globals/layouts/sidebar-compact/_layout-sidebar-compact.scss,1
frontend/dist/data-table.246ea8fa6c452b0f3c4f.woff,1
frontend/dist/assets/styles/vendor/bootstrap/mixins/_transition.scss,1
frontend/src/assets/styles/vendor/bootstrap/mixins/_screen-reader.scss,1
frontend/src/assets/styles/vendor/bootstrap/_media.scss,1
frontend/src/assets/styles/vendor/bootstrap/.eslintignore,1
frontend/src/assets/styles/vendor/bootstrap-rtl/bootstrap.scss,1
frontend/src/assets/images/products/speaker-1.jpg,1
frontend/dist/assets/styles/vendor/bootstrap-rtl/_type.scss,1
backend/config/permission.php,1
frontend/dist/assets/images/products/iphone-2.jpg,1
frontend/src/assets/styles/vendor/bootstrap/mixins/_hover.scss,1
frontend/src/app/shared/components/feather-icon/feather-icon.component.ts,1
frontend/dist/assets/styles/app/globals/components/_breadcrumb.scss,1
frontend/src/assets/styles/vendor/bootstrap-rtl/_grid.scss,1
frontend/src/app/views/ui-kits/badges/badges.component.spec.ts,1
frontend/dist/assets/styles/vendor/bootstrap/_variables.scss,1
frontend/dist/assets/styles/vendor/bootstrap/utilities/_display.scss,1
frontend/src/app/shared/echart-styles.ts,1
frontend/src/assets/styles/iconsmind/iconsmind.css,1
frontend/dist/assets/styles/app/globals/mixins/_gradients.scss,1
frontend/src/assets/styles/app/globals/layouts/sidebar-large/_layout-sidebar-large.scss,1
frontend/dist/assets/images/pass_olvidada.png,1
frontend/src/app/_helpers/fullinfo.guard.ts,1
frontend/src/app/shared/components/footer/footer.component.spec.ts,1
frontend/src/app/shared/components/layouts/admin-layout-sidebar-large/sidebar-large/sidebar-large.component.scss,1
frontend/src/app/shared/pipes/get-value-by-key.pipe.ts,1
frontend/src/assets/styles/vendor/bootstrap-rtl/mixins/_caret.scss,1
frontend/src/assets/styles/vendor/bootstrap/mixins/_gradients.scss,1
frontend/dist/assets/styles/vendor/bootstrap/mixins/_size.scss,1
frontend/dist/assets/styles/vendor/bootstrap-rtl/_grid.scss,1
backend/app/Task.php,1
frontend/dist/assets/styles/app/globals/_typography.scss,1
backend/package-lock.json,1
frontend/src/app/views/principal/assets/js/jquery.min.js,1
backend/database/factories/UserFactory.php,1
frontend/src/assets/styles/app/globals/_animations.scss,1
frontend/src/app/shared/components/btn-loading/btn-loading.component.ts,1
frontend/src/app/views/ui-kits/cards/cards.component.ts,1
backend/database/migrations/{2020_05_19_063211_create_increments_table.php => 2020_05_19_063111_create_increments_table.php},1
frontend/src/assets/styles/app/globals/components/_angular2-wizard.scss,1
frontend/src/assets/styles/vendor/bootstrap-rtl/mixins/_alert.scss,1
frontend/dist/assets/styles/vendor/bootstrap/_alert.scss,1
frontend/src/assets/styles/vendor/bootstrap-rtl/mixins/_size.scss,1
frontend/src/assets/styles/vendor/bootstrap/utilities/_text.scss,1
frontend/src/tsconfig.spec.json,1
backend/config/mail.php,1
frontend/src/assets/styles/vendor/bootstrap/utilities/_sizing.scss,1
frontend/e2e/src/app.po.ts,1
frontend/dist/assets/styles/app/_app.scss,1
frontend/dist/assets/images/logo_Aprodes.png,1
frontend/dist/assets/styles/iconsmind/iconsmind.eot,1
frontend/dist/assets/styles/vendor/bootstrap/_reboot.scss,1
frontend/dist/assets/styles/vendor/bootstrap-rtl/mixins/_float.scss,1
frontend/dist/favicon.ico,1
frontend/src/assets/styles/vendor/bootstrap-rtl/_type.scss,1
frontend/src/assets/styles/vendor/bootstrap-rtl/mixins/_box-shadow.scss,1
frontend/dist/assets/styles/vendor/bootstrap/_pagination.scss,1
frontend/dist/assets/styles/vendor/bootstrap/_tables.scss,1
frontend/dist/assets/images/products/iphone-1.jpg,1
frontend/dist/assets/images/faces/5.jpg,1
frontend/dist/assets/styles/vendor/bootstrap/mixins/_grid-framework.scss,1
frontend/dist/assets/styles/app/globals/views/_session.scss,1
frontend/src/assets/styles/vendor/bootstrap/mixins/_grid.scss,1
frontend/dist/assets/styles/app/globals/components/_calendar.scss,1
frontend/dist/assets/images/faces/1.jpg,1
frontend/dist/assets/images/products/watch-2.jpg,1
frontend/dist/assets/styles/vendor/bootstrap/utilities/_spacing.scss,1
frontend/dist/assets/styles/vendor/bootstrap-rtl/_breadcrumb.scss,1
frontend/src/app/views/cursos/add-assistant-teacher/add-assistant-teacher.component.scss,1
frontend/dist/assets/images/info.svg,1
frontend/src/app/views/principal/assets/js/skel.min.js,1
frontend/e2e/protractor.conf.js,1
frontend/dist/assets/styles/app/globals/layouts/sidebar-large/_layout-sidebar-large.scss,1
frontend/src/app/views/usuarios/edit-user/edit-user.component.spec.ts,1
frontend/src/app/shared/services/auth.service.ts,1
frontend/src/assets/styles/vendor/bootstrap-rtl/_button-group.scss,1
frontend/src/assets/styles/vendor/bootstrap/mixins/_forms.scss,1
frontend/dist/assets/styles/app/themes/_themes.scss,1
frontend/dist/assets/styles/app/globals/_palette.scss,1
frontend/src/app/shared/components/footer/footer.component.scss,1
frontend/src/assets/images/photo-long-3.old.jpg,1
frontend/src/assets/styles/vendor/bootstrap-rtl/_popover.scss,1
frontend/dist/assets/styles/app/globals/layouts/_colors.scss,1
frontend/src/assets/styles/vendor/bootstrap-rtl/utilities/_position.scss,1
frontend/dist/assets/images/logo-black.png,1
frontend/src/app/views/ui-kits/popover/popover.component.html,1
frontend/src/assets/styles/app/globals/components/_breadcrumb.scss,1
frontend/src/app/shared/components/layouts/auth-layout/auth-layout.component.spec.ts,1
frontend/src/app/_services/increments.service.ts,1
frontend/src/assets/styles/vendor/bootstrap-rtl/mixins/_badge.scss,1
frontend/src/app/views/ui-kits/card-widgets/card-widgets.component.spec.ts,1
frontend/src/assets/styles/app/globals/layouts/_footer.scss,1
frontend/src/assets/images/faces/12.jpg,1
frontend/dist/{banner2.f65524dfb2a04f754dfa.jpg => banner2.jpg},1
frontend/src/app/views/proyectos/project/add-test-case/add-test-case.component.spec.ts,1
backend/tests/TestCase.php,1
frontend/dist/assets/styles/vendor/bootstrap-rtl/utilities/_align.scss,1
frontend/tslint.json,1
frontend/src/app/shared/services/search.service.ts,1
frontend/src/assets/styles/vendor/bootstrap/_variables.scss,1
frontend/dist/assets/images/photo-long-2.jpg,1
frontend/src/assets/styles/vendor/bootstrap-rtl/_breadcrumb.scss,1
frontend/dist/assets/images/log-in_wallpaper.jpg,1
frontend/dist/fontawesome-webfont.eot,1
frontend/src/assets/styles/app/globals/views/_contact-page.scss,1
frontend/src/assets/styles/vendor/bootstrap-rtl/mixins/_nav-divider.scss,1
frontend/dist/{danger.svg => danger.7044542d5bf336f841e2.svg},1
frontend/src/assets/images/checkmark.svg,1
frontend/src/app/shared/components/layouts/blank-layout/blank-layout.component.ts,1
frontend/src/app/views/ui-kits/badges/badges.component.html,1
frontend/dist/assets/styles/vendor/bootstrap/mixins/_gradients.scss,1
frontend/src/app/shared/directives/shared-directives.module.ts,1
frontend/src/app/app.component.spec.ts,1
frontend/src/assets/styles/vendor/bootstrap/mixins/_resize.scss,1
frontend/src/assets/styles/vendor/bootstrap-rtl/utilities/_visibility.scss,1
frontend/src/assets/styles/app/globals/components/_form.scss,1
frontend/dist/assets/styles/app/globals/components/_rating.scss,1
frontend/dist/assets/styles/vendor/bootstrap-rtl/mixins/_reset-text.scss,1
frontend/src/assets/styles/vendor/bootstrap-rtl/utilities/_embed.scss,1
frontend/src/assets/styles/vendor/bootstrap-rtl/_media.scss,1
frontend/src/assets/images/faces/9.jpg,1
frontend/src/app/views/proyectos/project/documents/documents.component.spec.ts,1
frontend/dist/assets/images/products/headphone-2.jpg,1
frontend/dist/assets/styles/vendor/bootstrap-rtl/_utilities.scss,1
frontend/src/app/views/dashboard/dashboard-ayudante/dashboad-default.component.ts,1
frontend/src/assets/styles/app/globals/components/_card.scss,1
frontend/dist/assets/styles/app/_bootstrap-rtl.scss,1
backend/storage/framework/sessions/.gitignore,1
frontend/src/assets/styles/vendor/bootstrap-rtl/mixins/_reset-text.scss,1
frontend/src/assets/images/photo-long-1.jpg,1
frontend/dist/assets/styles/app/globals/components/_modals.scss,1
frontend/src/assets/styles/vendor/bootstrap/.editorconfig,1
frontend/dist/assets/images/danger.svg,1
frontend/src/app/shared/components/layouts/blank-layout/blank-layout.component.html,1
frontend/src/app/shared/components/feather-icon/feather-icon.component.spec.ts,1
frontend/dist/assets/styles/vendor/bootstrap/utilities/_clearfix.scss,1
frontend/src/assets/images/faces/3.jpg,1
frontend/src/assets/styles/vendor/bootstrap/_functions.scss,1
frontend/dist/assets/styles/vendor/bootstrap/mixins/_list-group.scss,1
frontend/src/assets/styles/app/globals/components/_feather-icon.scss,1
frontend/src/app/views/sessions/forgot/forgot.component.scss,1
frontend/src/assets/styles/vendor/bootstrap/_buttons.scss,1
frontend/src/app/views/proyectos/project/add-software-requirement/add-software-requirement.component.scss,1
frontend/dist/assets/styles/vendor/bootstrap/_nav.scss,1
backend/database/migrations/{2020_05_19_063223_create_software_requirements_table.php => 2020_05_19_063023_create_software_requirements_table.php},1
frontend/src/assets/images/screenshots/02_preview.png,1
backend/resources/lang/en/auth.php,1
frontend/src/assets/styles/vendor/bootstrap/utilities/_clearfix.scss,1
backend/app/Http/Controllers/Auth/LoginController.php,1
frontend/dist/iconsmind.e46edded8037dc3ee811.svg,1
frontend/src/assets/styles/vendor/bootstrap/bootstrap-grid.scss,1
frontend/src/assets/styles/vendor/bootstrap/_root.scss,1
frontend/src/assets/styles/vendor/bootstrap-rtl/_print.scss,1
frontend/src/app/views/principal/script.js,1
frontend/src/app/shared/pipes/shared-pipes.module.ts,1
frontend/dist/assets/styles/app/globals/components/_tagInput.scss,1
frontend/src/assets/images/logo-text.png,1
frontend/src/app/shared/components/form-wizard/form-wizard.module.spec.ts,1
backend/database/migrations/2020_05_19_063117_create_user_roles_table.php,1
frontend/src/assets/styles/vendor/bootstrap/mixins/_reset-text.scss,1
frontend/dist/assets/styles/vendor/bootstrap/mixins/_text-hide.scss,1
frontend/dist/assets/styles/vendor/bootstrap/utilities/_embed.scss,1
frontend/dist/page-bg-bottom.ec613ada298590517b55.png,1
frontend/dist/assets/styles/vendor/bootstrap/mixins/_float.scss,1
backend/config/hashing.php,1
frontend/src/assets/styles/iconsmind/iconsmind.ttf,1
backend/routes/channels.php,1
frontend/dist/assets/styles/app/globals/components/_ngx-pagination.scss,1
frontend/src/assets/styles/vendor/bootstrap/mixins/_transition.scss,1
frontend/dist/assets/styles/vendor/bootstrap/_custom-forms.scss,1
frontend/src/app/views/others/not-found/not-found.component.scss,1
frontend/src/assets/images/page-bg-bottom.png,1
frontend/dist/assets/styles/app/globals/components/_avatar.scss,1
frontend/src/assets/images/log-in_wallpaper.jpg,1
backend/app/Providers/BroadcastServiceProvider.php,1
frontend/src/app/shared/components/customizer/customizer.component.html,1
frontend/src/assets/styles/vendor/bootstrap-rtl/mixins/_table-row.scss,1
frontend/src/assets/styles/vendor/bootstrap-rtl/_modal.scss,1
backend/config/database.php,1
frontend/dist/iconsmind.8e0d92f8065671453bc6.ttf,1
frontend/src/assets/styles/vendor/bootstrap/utilities/_flex.scss,1
backend/storage/framework/cache/data/.gitignore,1
frontend/dist/assets/styles/vendor/bootstrap-rtl/utilities/_spacing.scss,1
frontend/src/assets/styles/vendor/bootstrap/_modal.scss,1
backend/database/migrations/2020_05_27_201030_create_role_users_table.php,1
frontend/src/app/views/ui-kits/cards/cards.component.scss,1
frontend/src/app/views/ui-kits/loaders/loaders.component.ts,1
frontend/src/assets/styles/app/globals/views/_chat.scss,1
frontend/dist/assets/styles/vendor/bootstrap/.travis.yml,1
frontend/dist/{checkmark.svg => checkmark.c41db936fab845061171.svg},1
frontend/dist/assets/styles/app/globals/components/_img-cropper.scss,1
frontend/dist/fontawesome-webfont.svg,1
frontend/src/assets/styles/vendor/bootstrap-rtl/_badge.scss,1
frontend/dist/assets/styles/vendor/bootstrap-rtl/mixins/_hover.scss,1
frontend/src/app/views/dashboard/dashboad-estudiante/dashboad-estudiante.component.spec.ts,1
frontend/src/assets/styles/app/globals/layouts/sidebar-compact/_vars.scss,1
frontend/dist/assets/styles/vendor/bootstrap-rtl/mixins/_transition.scss,1
frontend/src/app/views/ui-kits/card-widgets/card-widgets.component.scss,1
frontend/src/assets/styles/app/globals/components/_tagInput.scss,1
frontend/src/app/shared/components/form-wizard/form-wizard.module.ts,1
frontend/dist/assets/styles/vendor/bootstrap/.github/ISSUE_TEMPLATE/feature.md,1
frontend/src/assets/styles/vendor/bootstrap-rtl/_progress.scss,1
frontend/dist/assets/icons/editCRUD.svg,1
frontend/src/assets/styles/vendor/bootstrap/utilities/_background.scss,1
frontend/dist/assets/styles/vendor/bootstrap/mixins/_text-emphasis.scss,1
frontend/src/assets/images/photo-wide-1.jpg,1
frontend/dist/assets/styles/app/globals/views/_user-profile.scss,1
frontend/dist/assets/images/photo-long-4.jpg,1
frontend/src/assets/styles/app/globals/views/_views.scss,1
backend/tests/Feature/ExampleTest.php,1
frontend/dist/assets/styles/vendor/bootstrap-rtl/_input-group.scss,1
frontend/src/app/views/sessions/sessions.module.spec.ts,1
backend/storage/app/public/.gitignore,1
frontend/dist/assets/styles/vendor/bootstrap/utilities/_shadows.scss,1
frontend/src/assets/styles/app/globals/components/_components.scss,1
frontend/src/assets/styles/vendor/bootstrap-rtl/mixins/_list-group.scss,1
frontend/src/app/views/others/others.module.ts,1
frontend/src/assets/styles/vendor/bootstrap-rtl/_utilities.scss,1
frontend/src/app/shared/directives/dropdown.directive.ts,1
frontend/src/assets/styles/app/globals/components/_ngx-quill.scss,1
frontend/dist/assets/images/photo-wide-2.jpg,1
frontend/src/app/views/sessions/forgot/forgot.component.spec.ts,1
frontend/src/assets/styles/vendor/bootstrap-rtl/mixins/_resize.scss,1
frontend/src/app/views/ui-kits/buttons/buttons.component.html,1
frontend/dist/assets/styles/vendor/bootstrap/_media.scss,1
frontend/src/assets/styles/app/globals/components/_borders.scss,1
frontend/src/assets/images/logo-black.png,1
frontend/dist/assets/styles/app/globals/components/_button.scss,1
frontend/src/assets/styles/vendor/bootstrap/mixins/_badge.scss,1
frontend/src/app/views/ui-kits/rating/rating.component.ts,1
frontend/src/assets/images/photo-long-2.jpg,1
frontend/src/app/views/ui-kits/card-metrics/card-metrics.component.html,1
backend/app/Http/Middleware/TrimStrings.php,1
frontend/src/assets/styles/vendor/bootstrap/_toasts.scss,1
frontend/dist/close.59b74f7a717aac2af2bb.svg,1
frontend/src/assets/styles/app/globals/components/_icon.scss,1
frontend/src/assets/styles/vendor/bootstrap-rtl/mixins/_hover.scss,1
frontend/dist/assets/styles/vendor/bootstrap-rtl/_popover.scss,1
frontend/dist/assets/styles/vendor/bootstrap-rtl/mixins/_forms.scss,1
frontend/dist/assets/styles/vendor/bootstrap/.gitattributes,1
backend/app/Http/Controllers/Controller.php,1
frontend/dist/{fontawesome-webfont.woff2 => fontawesome-webfont.e6cf7c6ec7c2d6f670ae.woff2},1
frontend/src/app/shared/components/layouts/blank-layout/blank-layout.component.spec.ts,1
backend/config/queue.php,1
frontend/src/assets/styles/vendor/bootstrap/utilities/_display.scss,1
frontend/dist/assets/images/faces/9.jpg,1
frontend/dist/assets/styles/app/globals/components/_card.scss,1
frontend/dist/assets/styles/vendor/bootstrap-rtl/_mixins.scss,1
frontend/src/assets/styles/vendor/bootstrap-rtl/mixins/_breakpoints.scss,1
frontend/src/assets/styles/vendor/bootstrap/mixins/_box-shadow.scss,1
frontend/src/assets/images/faces/1.jpg,1
frontend/dist/{data-table.svg => data-table.b0aebd744ce7adb780a9.svg},1
frontend/src/app/views/ui-kits/rating/rating.component.scss,1
frontend/src/app/views/sessions/signup/signup.component.scss,1
frontend/dist/assets/images/close.svg,1
frontend/dist/assets/styles/vendor/bootstrap/mixins/_caret.scss,1
frontend/src/app/views/proyectos/gestion/gestion.component.spec.ts,1
frontend/src/app/views/sessions/sessions.module.ts,1
frontend/dist/assets/styles/vendor/bootstrap-rtl/mixins/_gradients.scss,1
frontend/src/assets/styles/vendor/bootstrap/mixins/_text-emphasis.scss,1
frontend/src/assets/images/products/headphone-4.jpg,1
frontend/dist/assets/styles/vendor/bootstrap/mixins/_buttons.scss,1
frontend/dist/assets/images/pic01.jpg,1
frontend/dist/assets/images/products/speaker-1.jpg,1
frontend/src/assets/styles/vendor/bootstrap-rtl/_variables.scss,1
frontend/src/assets/styles/vendor/bootstrap/_dropdown.scss,1
frontend/dist/assets/styles/vendor/bootstrap-rtl/utilities/_borders.scss,1
frontend/src/app/shared/directives/dropdown-link.directive.ts,1
frontend/dist/assets/styles/app/globals/layouts/sidebar-compact/_vars.scss,1
frontend/src/assets/styles/vendor/bootstrap/_custom-forms.scss,1
frontend/dist/assets/styles/app/globals/components/_form.scss,1
frontend/dist/assets/styles/app/globals/components/_components.scss,1
frontend/dist/assets/styles/app/globals/components/_search.scss,1
frontend/src/app/spanish-paginator-intl.ts,1
frontend/dist/assets/styles/vendor/bootstrap/.gitignore,1
frontend/dist/assets/styles/app/globals/components/_borders.scss,1
backend/storage/framework/testing/.gitignore,1
frontend/dist/assets/styles/app/globals/components/_popover.scss,1
backend/routes/console.php,1
frontend/src/assets/styles/vendor/bootstrap-rtl/_custom-forms.scss,1
frontend/dist/assets/styles/vendor/bootstrap-rtl/mixins/_nav-divider.scss,1
frontend/e2e/tsconfig.e2e.json,1
frontend/src/assets/images/{logo.png => logo-taller.png},1
arquitecturas/Arquitectura_Fisica_Taller.jpg,1
frontend/src/app/views/ui-kits/popover/popover.component.ts,1
frontend/src/assets/styles/vendor/bootstrap-rtl/utilities/_display.scss,1
frontend/dist/assets/styles/vendor/bootstrap/_tooltip.scss,1
frontend/dist/assets/styles/vendor/bootstrap-rtl/mixins/_background-variant.scss,1
frontend/src/app/views/ui-kits/cards/cards.component.html,1
frontend/src/assets/styles/app/globals/views/_data-tables.scss,1
frontend/dist/iconsmind.916e1950c9a4c2b77b81.eot,1
frontend/dist/assets/styles/vendor/bootstrap/_buttons.scss,1
frontend/dist/assets/styles/vendor/bootstrap-rtl/_card.scss,1
frontend/src/assets/styles/vendor/bootstrap/.travis.yml,1
frontend/dist/assets/styles/vendor/bootstrap/utilities/_flex.scss,1
frontend/src/app/views/ui-kits/card-metrics/card-metrics.component.ts,1
backend/tests/CreatesApplication.php,1
frontend/src/assets/images/danger.svg,1
frontend/src/assets/styles/vendor/bootstrap/.github/ISSUE_TEMPLATE/bug.md,1
frontend/src/assets/images/logo_logIn.png,1
frontend/dist/{fontawesome-webfont.svg => fontawesome-webfont.d7c639084f684d66a1bc.svg},1
frontend/dist/assets/styles/vendor/bootstrap/_carousel.scss,1
frontend/src/app/views/proyectos/gestion/gestion.component.css,1
frontend/dist/assets/styles/vendor/bootstrap/.eslintignore,1
backend/artisan,1
frontend/dist/assets/images/page-bg-bottom.png,1
backend/app/Http/Middleware/RedirectIfAuthenticated.php,1
backend/app/Http/Middleware/TrustProxies.php,1
backend/config/filesystems.php,1
frontend/dist/assets/styles/vendor/bootstrap-rtl/mixins/_buttons.scss,1
backend/.gitignore,1
frontend/src/assets/styles/vendor/bootstrap-rtl/utilities/_clearfix.scss,1
frontend/src/assets/styles/vendor/bootstrap-rtl/utilities/_borders.scss,1
frontend/src/assets/styles/vendor/bootstrap-rtl/_nav.scss,1
frontend/dist/{iconsmind.ttf => iconsmind.8e0d92f8065671453bc6.ttf},1
frontend/src/app/views/ui-kits/buttons-loading/buttons-loading.component.spec.ts,1
frontend/dist/assets/styles/vendor/bootstrap/_print.scss,1
frontend/src/assets/images/faces/2.jpg,1
frontend/src/assets/styles/vendor/bootstrap/_input-group.scss,1
frontend/dist/assets/styles/app/themes/_lite-blue.scss,1
frontend/dist/assets/styles/vendor/bootstrap-rtl/_badge.scss,1
frontend/src/assets/images/products/speaker-2.jpg,1
frontend/dist/assets/styles/app/globals/components/_customizer.scss,1
frontend/src/assets/styles/vendor/bootstrap/.babelrc.js,1
frontend/src/app/shared/components/layouts/auth-layout/auth-layout.component.ts,1
frontend/dist/assets/styles/vendor/bootstrap/.browserslistrc,1
frontend/src/assets/styles/vendor/bootstrap/.stylelintignore,1
frontend/dist/assets/styles/vendor/bootstrap/_functions.scss,1
frontend/src/assets/styles/app/globals/components/_badges.scss,1
frontend/src/assets/styles/vendor/bootstrap-rtl/mixins/_grid-framework.scss,1
frontend/dist/assets/styles/app/globals/_globals.scss,1
frontend/dist/{fontawesome-webfont.ttf => fontawesome-webfont.1dc35d25e61d819a9c35.ttf},1
frontend/src/app/views/ui-kits/alerts/alerts.component.ts,1
frontend/dist/assets/styles/vendor/bootstrap-rtl/mixins/_box-shadow.scss,1
frontend/src/assets/styles/vendor/bootstrap/.eslintrc.json,1
backend/resources/views/welcome.blade.php,1
frontend/src/app/.DS_Store,1
frontend/dist/assets/styles/app/globals/views/_404.scss,1
frontend/src/app/views/proyectos/project/add-test-case/add-test-case.component.scss,1
frontend/src/app/views/dashboard/dashboad-default/dashboad-default.component.css,1
frontend/src/app/views/ui-kits/buttons-loading/buttons-loading.component.html,1
frontend/src/assets/styles/vendor/bootstrap/.gitattributes,1
frontend/dist/assets/styles/vendor/bootstrap/_grid.scss,1
frontend/src/app/shared/components/layouts/layouts.module.ts,1
frontend/src/assets/styles/vendor/bootstrap-rtl/mixins/_visibility.scss,1
backend/public/favicon.ico,1
frontend/src/main.ts,1
frontend/dist/assets/styles/iconsmind/iconsmind.ttf,1
frontend/src/assets/styles/vendor/bootstrap-rtl/mixins/_forms.scss,1
frontend/src/assets/styles/vendor/bootstrap-rtl/_root.scss,1
frontend/src/app/shared/components/layouts/.DS_Store,1
frontend/dist/assets/styles/vendor/bootstrap/.github/CONTRIBUTING.md,1
frontend/src/assets/styles/vendor/bootstrap-rtl/_reboot.scss,1
frontend/src/assets/styles/vendor/bootstrap-rtl/mixins/_navbar-align.scss,1
frontend/dist/checkmark.c41db936fab845061171.svg,1
frontend/src/assets/images/products/headphone-1.jpg,1
frontend/dist/assets/styles/vendor/bootstrap/_popover.scss,1
frontend/src/assets/styles/vendor/bootstrap-rtl/mixins/_border-radius.scss,1
frontend/src/app/views/proyectos/project/documents/documents.component.scss,1
frontend/src/app/views/ui-kits/buttons/buttons.component.ts,1
frontend/dist/assets/styles/vendor/bootstrap-rtl/_root.scss,1
frontend/dist/assets/styles/vendor/bootstrap-rtl/mixins/_lists.scss,1
frontend/src/app/views/cursos/add-assistant-student/add-assistant-student.component.scss,1
frontend/dist/assets/styles/vendor/bootstrap-rtl/mixins/_clearfix.scss,1
frontend/dist/{iconsmind.woff => iconsmind.ec0bfa659ad4d1d1a7a4.woff},1
frontend/dist/assets/images/icono-logo.png,1
frontend/src/assets/images/faces/generic-profile3.png,1
frontend/src/.DS_Store,1
frontend/src/assets/styles/vendor/bootstrap-rtl/_close.scss,1
frontend/dist/assets/styles/vendor/bootstrap/utilities/_position.scss,1
frontend/dist/assets/styles/vendor/bootstrap/mixins/_badge.scss,1
frontend/src/assets/styles/vendor/bootstrap/mixins/_text-hide.scss,1
frontend/src/assets/styles/app/globals/components/_accordions.scss,1
frontend/src/app/shared/components/layouts/blank-layout/blank-layout.component.scss,1
frontend/dist/assets/styles/vendor/bootstrap-rtl/utilities/_position.scss,1
frontend/dist/{close.svg => close.59b74f7a717aac2af2bb.svg},1
frontend/dist/assets/styles/vendor/bootstrap/mixins/_alert.scss,1
frontend/src/app/views/ui-kits/cards-ecommerce/cards-ecommerce.component.html,1
frontend/src/app/views/cursos/edit-course/edit-course.component.scss,1
frontend/src/assets/images/pic01.jpg,1
frontend/src/app/views/proyectos/project/tasks/tasks.component.scss,1
frontend/src/app/views/proyectos/edit-project/edit-project.component.css,1
frontend/dist/assets/styles/vendor/bootstrap-rtl/_buttons.scss,1
frontend/dist/{page-bg-bottom.png => page-bg-bottom.ec613ada298590517b55.png},1
frontend/.DS_Store,1
frontend/dist/assets/styles/app/globals/layouts/sidebar-compact/_header.scss,1
frontend/src/app/shared/.DS_Store,1
frontend/dist/assets/styles/vendor/bootstrap-rtl/utilities/_display.scss,1
backend/app/Http/Controllers/Auth/RegisterController.php,1
frontend/src/assets/styles/vendor/bootstrap/mixins/_size.scss,1
frontend/dist/assets/styles/vendor/bootstrap/.stylelintrc,1
backend/app/Providers/EventServiceProvider.php,1
frontend/src/app/shared/components/feather-icon/feather-icon.component.html,1
frontend/dist/assets/styles/vendor/bootstrap/utilities/_align.scss,1
frontend/src/assets/styles/vendor/bootstrap-rtl/_card.scss,1
frontend/src/assets/styles/vendor/bootstrap/mixins/_pagination.scss,1
frontend/src/assets/styles/vendor/bootstrap/_mixins.scss,1
frontend/dist/assets/images/screenshots/04_preview.png,1
frontend/dist/assets/images/logo-white.png,1
frontend/dist/assets/styles/vendor/bootstrap-rtl/mixins/_list-group.scss,1
frontend/dist/assets/styles/vendor/bootstrap-rtl/utilities/_screenreaders.scss,1
frontend/src/app/views/dashboard/dashboad-docente/dashboad-default.component.ts,1
backend/.editorconfig,1
frontend/src/app/views/ui-kits/alerts/alerts.component.html,1
frontend/dist/assets/styles/vendor/bootstrap-rtl/_transitions.scss,1
frontend/src/app/views/others/others.module.spec.ts,1
frontend/dist/{fontawesome-webfont.e6cf7c6ec7c2d6f670ae.woff2 => fontawesome-webfont.woff2},1
frontend/src/assets/styles/app/globals/views/_invoice.scss,1
frontend/src/assets/images/products/iphone-2.jpg,1
frontend/dist/assets/images/faces/16.jpg,1
backend/database/migrations/2020_07_20_080456_create_jobs_table.php,1
frontend/src/app/views/proyectos/project/add-user-requirement/add-user-requirement.component.scss,1
frontend/dist/assets/images/faces/3.jpg,1
backend/README.md,1
frontend/src/assets/styles/app/themes/_lite-blue.scss,1
frontend/src/assets/styles/app/globals/layouts/sidebar-large/_vars.scss,1
frontend/dist/assets/styles/vendor/bootstrap/_code.scss,1
frontend/src/assets/styles/vendor/bootstrap/_card.scss,1
frontend/src/app/views/proyectos/project/add-increment/add-increment.component.scss,1
frontend/dist/assets/styles/vendor/bootstrap/mixins/_reset-text.scss,1
frontend/dist/assets/styles/vendor/bootstrap/mixins/_screen-reader.scss,1
frontend/dist/{fontawesome-webfont.woff => fontawesome-webfont.c8ddf1e5e5bf3682bc7b.woff},1
frontend/src/assets/styles/vendor/bootstrap/mixins/_float.scss,1
frontend/src/assets/images/log-in_menu_image.jpg,1
frontend/dist/assets/styles/vendor/bootstrap-rtl/utilities/_background.scss,1
frontend/src/assets/images/faces/5.jpg,1
frontend/src/app/views/cursos/add-assistant-student/add-assistant-student.component.spec.ts,1
frontend/src/assets/styles/iconsmind/iconsmind.woff,1
frontend/src/assets/styles/vendor/bootstrap/utilities/_float.scss,1
frontend/src/assets/styles/vendor/bootstrap-rtl/utilities/_spacing.scss,1
frontend/src/assets/styles/app/globals/components/_ngx-pagination.scss,1
frontend/src/assets/styles/vendor/bootstrap/_breadcrumb.scss,1
frontend/dist/assets/styles/vendor/bootstrap/mixins/_nav-divider.scss,1
frontend/src/assets/styles/vendor/bootstrap/utilities/_position.scss,1
frontend/dist/assets/styles/vendor/bootstrap-rtl/mixins/_screen-reader.scss,1
frontend/dist/assets/styles/vendor/bootstrap/.stylelintignore,1
frontend/dist/assets/styles/vendor/bootstrap-rtl/mixins/_size.scss,1
frontend/src/assets/styles/app/globals/components/_tab.scss,1
frontend/dist/assets/styles/vendor/bootstrap/mixins/_grid.scss,1
frontend/src/assets/styles/vendor/bootstrap/bootstrap.scss,1
frontend/src/app/views/sessions/signup/signup.component.spec.ts,1
frontend/dist/{fontawesome-webfont.c8ddf1e5e5bf3682bc7b.woff => fontawesome-webfont.woff},1
frontend/dist/assets/styles/vendor/bootstrap/_button-group.scss,1
frontend/src/tsconfig.app.json,1
frontend/src/favicon.ico,1
frontend/dist/assets/styles/vendor/bootstrap-rtl/_modal.scss,1
frontend/dist/assets/images/faces/2.jpg,1
frontend/dist/fontawesome-webfont.woff2,1
frontend/src/assets/images/photo-wide-2.jpg,1
frontend/src/app/shared/services/auth.gaurd.ts,1
frontend/dist/assets/images/faces/8.jpg,1
backend/database/.gitignore,1
frontend/src/app/shared/components/layouts/admin-layout-sidebar-large/sidebar-large/sidebar-large.component.spec.ts,1
backend/app/Registry.php,1
frontend/src/assets/styles/vendor/bootstrap-rtl/_input-group.scss,1
frontend/src/app/shared/models/calendar-event.model.ts,1
frontend/src/assets/styles/vendor/bootstrap-rtl/mixins/_pagination.scss,1
frontend/dist/assets/styles/vendor/bootstrap-rtl/mixins/_visibility.scss,1
frontend/src/app/shared/components/customizer/customizer.component.spec.ts,1
frontend/src/app/shared/components/customizer/customizer.component.scss,1
frontend/src/app/views/usuarios/add-user/add-user.component.scss,1
frontend/src/app/views/principal/assets/css/main.css,1
frontend/src/assets/styles/vendor/bootstrap/_list-group.scss,1
frontend/dist/assets/styles/vendor/bootstrap-rtl/_tables.scss,1
frontend/src/app/views/ui-kits/ui-kits-routing.module.ts,1
frontend/dist/assets/styles/vendor/bootstrap/utilities/_background.scss,1
frontend/src/app/views/cursos/edit-course/edit-course.component.spec.ts,1
frontend/src/app/views/ui-kits/rating/rating.component.html,1
backend/package.json,1
frontend/dist/assets/styles/vendor/bootstrap-rtl/_functions.scss,1
frontend/src/app/shared/components/search/search.module.ts,1
frontend/dist/assets/styles/vendor/bootstrap/mixins/_forms.scss,1
frontend/dist/assets/styles/app/globals/layouts/_layouts.scss,1
backend/public/robots.txt,1
frontend/dist/assets/styles/vendor/bootstrap/mixins/_text-truncate.scss,1
frontend/dist/assets/styles/vendor/bootstrap-rtl/utilities/_sizing.scss,1
frontend/src/app/shared/components/btn-loading/btn-loading.component.spec.ts,1
frontend/src/assets/styles/vendor/bootstrap/mixins/_text-truncate.scss,1
frontend/src/assets/styles/vendor/bootstrap-rtl/_functions.scss,1
frontend/src/assets/styles/vendor/bootstrap-rtl/mixins/_text-hide.scss,1
frontend/src/assets/styles/vendor/bootstrap-rtl/utilities/_screenreaders.scss,1
frontend/dist/assets/styles/vendor/bootstrap-rtl/mixins/_table-row.scss,1
frontend/src/assets/styles/vendor/bootstrap/.github/SUPPORT.md,1
backend/resources/lang/en/pagination.php,1
frontend/dist/assets/styles/vendor/bootstrap/_breadcrumb.scss,1
frontend/src/assets/styles/vendor/bootstrap-rtl/_carousel.scss,1
backend/database/seeds/SeederInicial.php,1
frontend/src/app/views/principal/assets/js/main.js,1
frontend/dist/assets/styles/vendor/bootstrap/mixins/_image.scss,1
backend/app/Http/Controllers/{DocenteController.php => ProjectsController.php},1
backend/app/Http/Controllers/Auth/VerificationController.php,1
frontend/dist/assets/images/faces/generic-profile2.png,1
frontend/src/app/shared/directives/dropdown-anchor.directive.ts,1
frontend/dist/assets/styles/vendor/bootstrap/_images.scss,1
frontend/dist/assets/styles/vendor/bootstrap-rtl/mixins/_grid-framework.scss,1
frontend/dist/assets/styles/vendor/bootstrap-rtl/mixins/_breakpoints.scss,1
frontend/dist/assets/styles/vendor/bootstrap-rtl/mixins/_text-hide.scss,1
frontend/dist/assets/styles/vendor/bootstrap/utilities/_borders.scss,1
backend/app/Http/Middleware/VerifyCsrfToken.php,1
frontend/dist/assets/styles/vendor/bootstrap/_forms.scss,1
frontend/dist/assets/styles/vendor/bootstrap/mixins/_resize.scss,1
frontend/dist/assets/styles/vendor/bootstrap-rtl/_list-group.scss,1
frontend/src/app/shared/components/layouts/auth-layout/auth-layout.component.html,1
frontend/dist/assets/styles/vendor/bootstrap-rtl/_tooltip.scss,1
backend/phpunit.xml,1
frontend/src/assets/styles/vendor/bootstrap/_images.scss,1
frontend/src/app/views/principal/assets/fonts/fontawesome-webfont.eot,1
frontend/src/assets/images/faces/6.jpg,1
frontend/src/assets/styles/iconsmind/iconsmind.eot,1
frontend/dist/assets/images/faces/17.jpg,1
backend/resources/js/app.js,1
frontend/src/app/shared/components/form-wizard/wizard/wizard.component.spec.ts,1
frontend/src/app/views/ui-kits/alerts/alerts.component.scss,1
frontend/src/app/shared/components/layouts/admin-layout-sidebar-large/admin-layout-sidebar-large.component.ts,1
backend/database/migrations/{2020_05_19_063201_create_user_requirements_table.php => 2020_05_19_063150_create_user_requirements_table.php},1
frontend/src/assets/styles/vendor/bootstrap-rtl/_forms.scss,1
frontend/src/assets/styles/vendor/bootstrap/_close.scss,1
frontend/src/app/shared/shared.module.ts,1
frontend/src/assets/styles/app/themes/_themes.scss,1
frontend/src/assets/styles/app/globals/components/_search.scss,1
frontend/src/app/shared/utils.ts,1
backend/database/migrations/{2020_05_19_063117_create_user_roles_table.php => 2020_05_27_193543_create_roles_table.php},1
frontend/dist/assets/styles/vendor/bootstrap/_navbar.scss,1
frontend/src/app/views/proyectos/project/add-increment/add-increment.component.spec.ts,1
frontend/dist/assets/styles/app/globals/views/_chat.scss,1
frontend/dist/assets/styles/vendor/bootstrap-rtl/utilities/_float.scss,1
frontend/src/assets/styles/vendor/bootstrap/mixins/_border-radius.scss,1
frontend/dist/assets/styles/vendor/bootstrap-rtl/utilities/_embed.scss,1
frontend/src/assets/styles/vendor/bootstrap/_badge.scss,1
arquitecturas/Arquitectura_Logica_Taller-Arqui_logica.jpg,1
frontend/src/assets/images/faces/13.jpg,1
frontend/dist/assets/styles/vendor/bootstrap-rtl/mixins/_alert.scss,1
frontend/src/app/shared/components/layouts/admin-layout-sidebar-large/admin-layout-sidebar-large.component.scss,1
frontend/dist/assets/images/products/headphone-4.jpg,1
frontend/src/app/views/ui-kits/buttons-loading/buttons-loading.component.ts,1
backend/database/migrations/{2020_05_19_063023_create_software_requirements_table.php => 2020_05_19_063151_create_software_requirements_table.php},1
frontend/src/assets/styles/vendor/bootstrap/utilities/_screenreaders.scss,1
frontend/src/app/views/ui-kits/rating/rating.component.spec.ts,1
frontend/dist/assets/styles/vendor/bootstrap-rtl/_carousel.scss,1
frontend/dist/assets/styles/app/globals/components/_loader.scss,1
frontend/src/assets/images/faces/17.jpg,1
frontend/src/app/views/ui-kits/modals/modals.component.ts,1
frontend/src/assets/images/products/headphone-3.jpg,1
frontend/README.md,1
frontend/src/assets/styles/app/globals/components/_modals.scss,1
frontend/.gitignore,1
frontend/src/assets/images/{logo_logIn.png => logo_Aprodes.png},1
frontend/src/app/views/ui-kits/ui-kits.module.ts,1
frontend/src/assets/styles/vendor/bootstrap/_navbar.scss,1
frontend/src/assets/styles/vendor/bootstrap/.github/ISSUE_TEMPLATE/feature_request.md,1
frontend/dist/assets/styles/iconsmind/iconsmind.woff,1
frontend/src/app/views/sessions/sessions-routing.module.ts,1
frontend/src/assets/styles/vendor/bootstrap/.github/ISSUE_TEMPLATE/feature.md,1
frontend/dist/assets/styles/vendor/bootstrap/mixins/_lists.scss,1
frontend/src/assets/images/products/headphone-2.jpg,1
frontend/src/app/shared/animations/shared-animations.ts,1
frontend/src/assets/styles/app/globals/components/_customizer.scss,1
frontend/dist/assets/styles/vendor/bootstrap-rtl/mixins/_text-truncate.scss,1
frontend/dist/assets/styles/vendor/bootstrap-rtl/mixins/_grid.scss,1
frontend/src/test.ts,1
frontend/src/app/views/sessions/signin/signin.component.scss,1
backend/app/Http/Controllers/Auth/ForgotPasswordController.php,1
frontend/src/assets/styles/vendor/bootstrap/mixins/_table-row.scss,1
frontend/dist/danger.7044542d5bf336f841e2.svg,1
frontend/src/assets/styles/vendor/bootstrap/_alert.scss,1
frontend/dist/assets/styles/vendor/bootstrap-rtl/_progress.scss,1
backend/resources/sass/app.scss,1
frontend/src/assets/icons/editCRUD.svg,1
frontend/src/assets/images/logo-taller.png,1
frontend/src/assets/styles/vendor/bootstrap-rtl/mixins/_float.scss,1
frontend/src/assets/styles/app/globals/components/_sidebar.directive.scss,1
frontend/src/app/shared/services/customizer.service.ts,1
frontend/dist/assets/styles/vendor/bootstrap/.github/ISSUE_TEMPLATE/feature_request.md,1
backend/storage/framework/views/.gitignore,1
frontend/dist/assets/images/faces/generic-profile.png,1
frontend/src/assets/icons/deleteCRUD.svg,1
frontend/dist/assets/styles/app/globals/layouts/sidebar-large/_vars.scss,1
frontend/dist/assets/styles/vendor/bootstrap/_dropdown.scss,1
frontend/src/assets/styles/iconsmind/iconsmind.svg,1
frontend/dist/assets/styles/vendor/bootstrap/utilities/_text.scss,1
frontend/dist/fontawesome-webfont.woff,1
backend/storage/framework/cache/.gitignore,1
frontend/src/assets/images/photo-wide-3.jpg,1
frontend/src/app/model-classes/course.ts,1
frontend/src/app/views/usuarios/edit-user/edit-user.component.scss,1
frontend/src/app/views/ui-kits/ui-kits.module.spec.ts,1
frontend/src/app/views/proyectos/project/add-software-requirement/add-software-requirement.component.spec.ts,1
frontend/src/assets/styles/vendor/bootstrap/_button-group.scss,1
frontend/dist/assets/styles/app/globals/components/_feather-icon.scss,1
frontend/src/app/views/ui-kits/cards-ecommerce/cards-ecommerce.component.scss,1
frontend/dist/assets/styles/vendor/bootstrap-rtl/_forms.scss,1
frontend/dist/assets/styles/vendor/bootstrap/_progress.scss,1
frontend/dist/{fontawesome-webfont.25a32416abee198dd821.eot => fontawesome-webfont.eot},1
frontend/src/assets/styles/vendor/bootstrap/utilities/_borders.scss,1
frontend/src/assets/styles/vendor/bootstrap-rtl/utilities/_flex.scss,1
frontend/dist/assets/styles/vendor/bootstrap/.github/ISSUE_TEMPLATE/bug.md,1
frontend/dist/assets/styles/app/globals/views/_data-tables.scss,1
frontend/src/app/views/proyectos/project/documents/UploadAdapter.ts,1
frontend/src/app/views/proyectos/project/modules/modules.component.scss,1
backend/app/Increment.php,1
frontend/dist/assets/styles/app/globals/components/_badges.scss,1
frontend/src/assets/styles/vendor/bootstrap-rtl/_tooltip.scss,1
frontend/dist/assets/styles/vendor/bootstrap/bootstrap-reboot.scss,1
frontend/src/assets/images/faces/15.jpg,1
frontend/src/app/views/principal/assets/css/font-awesome.min.css,1
